"Date","Ozone","AQI","Temp"
2012-01-01,0.041,38,67
2012-01-02,0.039,36,64.5
2012-01-03,0.036,33,64.5
2012-01-04,0.04,37,68.5
2012-01-05,0.018,17,67
2012-01-06,0.019,18,60.5
2012-01-07,0.04,37,57
2012-01-08,0.039,36,56.5
2012-01-09,0.014,13,53.5
2012-01-10,0.014,13,54
2012-01-11,0.013,12,54.5
2012-01-12,0.04,37,58
2012-01-13,0.042,39,59
2012-01-14,0.035,32,57
2012-01-15,0.041,38,53
2012-01-16,0.037,34,49
2012-01-17,0.039,36,43
2012-01-18,0.04,37,48.5
2012-01-19,0.033,31,51
2012-01-20,0.032,30,49.5
2012-01-21,0.033,31,50.5
2012-01-22,0.041,38,46
2012-01-23,0.034,31,47
2012-01-24,0.038,35,50
2012-01-25,0.033,31,62
2012-01-26,0.038,35,62.5
2012-01-27,0.04,37,60
2012-01-28,0.044,41,59
2012-01-29,0.044,41,56.5
2012-01-30,0.046,43,57
2012-01-31,0.041,38,55.5
2012-02-01,0.043,40,50
2012-02-02,0.043,40,51.5
2012-02-03,0.043,40,53
2012-02-04,0.046,43,53.5
2012-02-05,0.048,44,55.5
2012-02-06,0.039,36,58
2012-02-07,0.037,34,52
2012-02-08,0.044,41,55
2012-02-09,0.043,40,60.5
2012-02-10,0.044,41,60.5
2012-02-11,0.04,37,51
2012-02-12,0.037,34,50
2012-02-13,0.038,35,50
2012-02-14,0.038,35,47
2012-02-15,0.037,34,46
2012-02-16,0.041,38,48
2012-02-17,0.04,37,51.5
2012-02-18,0.041,38,48
2012-02-19,0.042,39,50.5
2012-02-20,0.041,38,47.5
2012-02-21,0.045,42,54.5
2012-02-22,0.046,43,60.5
2012-02-23,0.046,43,62.5
2012-02-24,0.045,42,61
2012-02-25,0.049,45,58
2012-02-26,0.047,44,49
2012-02-27,0.044,41,48.5
2012-02-28,0.039,36,43.5
2012-02-29,0.045,42,43.5
2012-03-01,0.042,39,52
2012-03-02,0.047,44,52.5
2012-03-03,0.047,44,59.5
2012-03-04,0.048,44,69.5
2012-03-05,0.052,48,66.5
2012-03-06,0.042,39,48
2012-03-07,0.049,45,51
2012-03-08,0.053,49,53
2012-03-09,0.054,50,62
2012-03-10,0.06,67,59.5
2012-03-11,0.052,48,53.5
2012-03-12,0.043,40,50
2012-03-13,0.049,45,53.5
2012-03-14,0.045,42,53
2012-03-15,0.038,35,53
2012-03-16,0.032,30,56.5
2012-03-17,0.045,42,49.5
2012-03-18,0.044,41,40.5
2012-03-19,0.043,40,44
2012-03-20,0.054,50,51
2012-03-21,0.059,64,54.5
2012-03-22,0.057,58,59.5
2012-03-23,0.035,32,56
2012-03-24,0.042,39,53.5
2012-03-25,0.047,44,55.5
2012-03-26,0.052,48,54
2012-03-27,0.052,48,54
2012-03-28,0.05,46,52.5
2012-03-29,0.045,42,57.5
2012-03-30,0.049,45,57
2012-03-31,0.042,39,51
2012-04-01,0.05,46,57
2012-04-02,0.055,51,54.5
2012-04-03,0.062,74,59.5
2012-04-04,0.055,51,58.5
2012-04-05,0.053,49,55
2012-04-06,0.059,64,53.5
2012-04-07,0.071,101,62.5
2012-04-08,0.071,101,64
2012-04-09,0.06,67,64.5
2012-04-10,0.056,54,57
2012-04-11,0.047,44,53.5
2012-04-12,0.049,45,52.5
2012-04-13,0.051,47,50.5
2012-04-14,0.049,45,46
2012-04-15,0.053,49,51
2012-04-16,0.061,71,60.5
2012-04-17,0.068,93,65
2012-04-18,0.057,58,62.5
2012-04-19,0.054,50,63.5
2012-04-20,0.054,50,70
2012-04-21,0.075,115,70.5
2012-04-22,0.066,87,62.5
2012-04-23,0.033,31,56.5
2012-04-24,0.04,37,61
2012-04-25,0.039,36,65.5
2012-04-26,0.044,41,58
2012-04-27,0.048,44,59
2012-04-28,0.059,64,62.5
2012-04-29,0.053,49,59.5
2012-04-30,0.037,34,61
2012-05-01,0.051,47,59.5
2012-05-02,0.046,43,57.5
2012-05-03,0.054,50,59.5
2012-05-04,0.051,47,60.5
2012-05-05,0.062,74,59
2012-05-06,0.063,77,59.5
2012-05-07,0.06,67,62.5
2012-05-08,0.07,100,63.5
2012-05-09,0.063,77,67.5
2012-05-10,0.062,74,64
2012-05-11,0.063,77,62
2012-05-12,0.065,84,62.5
2012-05-13,0.065,84,62.5
2012-05-14,0.063,77,65
2012-05-15,0.057,58,62
2012-05-16,0.07,100,68.5
2012-05-17,0.064,80,68.5
2012-05-18,0.053,49,61
2012-05-19,0.063,77,63.5
2012-05-20,0.074,112,66
2012-05-21,0.076,119,74
2012-05-22,0.075,115,69
2012-05-23,0.054,50,63.5
2012-05-24,0.053,49,61.5
2012-05-25,0.043,40,57.5
2012-05-26,0.049,45,55
2012-05-27,0.05,46,58
2012-05-28,0.063,77,61
2012-05-29,0.058,61,66
2012-05-30,0.054,50,62.5
2012-05-31,0.066,87,67
2012-06-01,0.07,100,70.5
2012-06-02,0.055,51,67
2012-06-03,0.052,48,64.5
2012-06-04,0.042,39,64.5
2012-06-05,0.054,50,64.5
2012-06-06,0.065,84,62
2012-06-07,0.069,97,66
2012-06-08,0.063,77,67.5
2012-06-09,0.058,61,62
2012-06-10,0.058,61,62
2012-06-11,0.058,61,64
2012-06-12,0.067,90,67.5
2012-06-13,0.065,84,66
2012-06-14,0.051,47,63
2012-06-15,0.043,40,62
2012-06-16,0.06,67,68
2012-06-17,0.07,100,74.5
2012-06-18,0.065,84,74
2012-06-19,0.053,49,67.5
2012-06-20,0.055,51,64.5
2012-06-21,0.063,77,63.5
2012-06-22,0.057,58,65.5
2012-06-23,0.05,46,64.5
2012-06-24,0.047,44,66
2012-06-25,0.053,49,66
2012-06-26,0.057,58,66
2012-06-27,0.063,77,70.5
2012-06-28,0.064,80,72.5
2012-06-29,0.065,84,73
2012-06-30,0.069,97,71.5
2012-07-01,0.054,50,69.5
2012-07-02,0.042,39,69
2012-07-03,0.046,43,66.5
2012-07-04,0.049,45,66
2012-07-05,0.05,46,68
2012-07-06,0.061,71,68
2012-07-07,0.069,97,71.5
2012-07-08,0.06,67,77.5
2012-07-09,0.074,112,77
2012-07-10,0.081,136,81.5
2012-07-11,0.079,129,80
2012-07-12,0.056,54,78.5
2012-07-13,0.059,64,76.5
2012-07-14,0.069,97,78
2012-07-15,0.061,71,72
2012-07-16,0.047,44,67.5
2012-07-17,0.052,48,66
2012-07-18,0.063,77,70
2012-07-19,0.069,97,76.5
2012-07-20,0.068,93,78
2012-07-21,0.063,77,76
2012-07-22,0.061,71,74.5
2012-07-23,0.053,49,73.5
2012-07-24,0.055,51,71
2012-07-25,0.058,61,70.5
2012-07-26,0.061,71,69.5
2012-07-27,0.061,71,69
2012-07-28,0.067,90,69.5
2012-07-29,0.065,84,71.5
2012-07-30,0.058,61,73
2012-08-01,0.058,61,75
2012-08-02,0.061,71,74.5
2012-08-03,0.057,58,72
2012-08-04,0.064,80,70.5
2012-08-05,0.064,80,74
2012-08-06,0.077,122,74.5
2012-08-07,0.083,143,82.5
2012-08-08,0.08,133,82
2012-08-09,0.073,108,84.5
2012-08-10,0.071,101,85.5
2012-08-11,0.069,97,83.5
2012-08-12,0.072,105,84
2012-08-13,0.082,140,85
2012-08-14,0.075,115,84
2012-08-15,0.056,54,81.5
2012-08-16,0.063,77,82.5
2012-08-17,0.062,74,83
2012-08-18,0.064,80,81.5
2012-08-19,0.058,61,80
2012-08-20,0.056,54,79
2012-08-21,0.043,40,75
2012-08-22,0.046,43,73
2012-08-23,0.043,40,72
2012-08-24,0.046,43,74
2012-08-25,0.051,47,73
2012-08-26,0.054,50,70.5
2012-08-27,0.061,71,72.5
2012-08-28,0.072,105,80
2012-08-29,0.065,84,81.5
2012-08-30,0.057,58,82
2012-08-31,0.054,50,80
2012-09-01,0.052,48,79.5
2012-09-02,0.066,87,79.5
2012-09-03,0.072,105,79.5
2012-09-04,0.065,84,81
2012-09-05,0.059,64,80.5
2012-09-06,0.061,71,76
2012-09-07,0.049,45,75.5
2012-09-08,0.065,84,77
2012-09-09,0.051,47,81
2012-09-11,0.031,29,70
2012-09-12,0.053,49,75.5
2012-09-13,0.065,84,77
2012-09-14,0.054,50,79
2012-09-15,0.058,61,82.5
2012-09-16,0.064,80,80.5
2012-09-17,0.062,74,74.5
2012-09-18,0.063,77,72.5
2012-09-19,0.066,87,75.5
2012-09-20,0.073,108,76.5
2012-09-21,0.061,71,81
2012-09-22,0.069,97,82
2012-09-23,0.058,61,82
2012-09-24,0.048,44,77
2012-09-25,0.045,42,72
2012-09-26,0.049,45,67
2012-09-27,0.06,67,71
2012-09-28,0.05,46,75.5
2012-09-29,0.06,67,75.5
2012-09-30,0.063,77,80
2012-10-01,0.066,87,83
2012-10-02,0.073,108,83.5
2012-10-03,0.059,64,76
2012-10-04,0.044,41,70
2012-10-05,0.043,40,70
2012-10-06,0.06,67,67.5
2012-10-07,0.04,37,68
2012-10-08,0.041,38,65
2012-10-09,0.046,43,65
2012-10-10,0.041,38,62.5
2012-10-11,0.034,31,56
2012-10-12,0.035,32,57.5
2012-10-13,0.054,50,60.5
2012-10-14,0.044,41,71.5
2012-10-15,0.054,50,67
2012-10-16,0.066,87,76
2012-10-17,0.054,50,77.5
2012-10-18,0.039,36,69
2012-10-19,0.046,43,67
2012-10-20,0.041,38,63.5
2012-10-21,0.034,31,62
2012-10-22,0.041,38,62.5
2012-10-23,0.044,41,57
2012-10-24,0.046,43,56
2012-10-25,0.052,48,60.5
2012-10-26,0.055,51,63.5
2012-10-27,0.057,58,68.5
2012-10-28,0.058,61,69.5
2012-10-29,0.058,61,69.5
2012-10-30,0.068,93,67.5
2012-10-31,0.06,67,63
2012-11-01,0.052,48,57.5
2012-11-02,0.052,48,60
2012-11-03,0.045,42,63
2012-11-04,0.045,42,70.5
2012-11-05,0.046,43,75.5
2012-11-06,0.055,51,70
2012-11-07,0.053,49,64
2012-11-08,0.037,34,54.5
2012-11-10,0.041,38,49
2012-11-11,0.043,40,48.5
2012-11-12,0.047,44,53.5
2012-11-17,0.034,31,60.5
2012-11-18,0.039,36,59
2012-11-19,0.04,37,54
2012-11-20,0.04,37,57.5
2012-11-21,0.046,43,55
2012-11-22,0.05,46,58
2012-11-23,0.049,45,64
2012-11-24,0.046,43,69
2012-11-25,0.05,46,63.5
2012-11-26,0.046,43,56
2012-11-27,0.035,32,57
2012-11-28,0.041,38,54
2012-11-29,0.028,26,55.5
2012-11-30,0.023,21,61
2012-12-01,0.027,25,55.5
2012-12-02,0.034,31,59
2012-12-03,0.029,27,55.5
2012-12-04,0.034,31,59
2012-12-05,0.03,28,57.5
2012-12-06,0.031,29,54.5
2012-12-07,0.034,31,58
2012-12-08,0.049,45,56.5
2012-12-09,0.046,43,55
2012-12-10,0.038,35,56
2012-12-11,0.046,43,58.5
2012-12-12,0.045,42,52.5
2012-12-13,0.034,31,50
2012-12-14,0.037,34,47.5
2012-12-15,0.04,37,48.5
2012-12-16,0.04,37,49
2012-12-17,0.031,29,49
2012-12-18,0.035,32,50.5
2012-12-19,0.043,40,42.5
2012-12-20,0.041,38,50
2012-12-21,0.037,34,48.5
2012-12-22,0.04,37,46
2012-12-23,0.041,38,47
2012-12-24,0.036,33,49
2012-12-25,0.034,31,49
2012-12-26,0.039,36,48
2012-12-27,0.036,33,48
2012-12-28,0.042,39,46.5
2012-12-29,0.041,38,44.5
2012-12-30,0.04,37,40
2013-01-01,0.044,41,43
2013-01-02,0.042,39,47.5
2013-01-03,0.045,42,47.5
2013-01-04,0.044,41,47
2013-01-05,0.044,41,49.5
2013-01-06,0.045,42,44.5
2013-01-07,0.044,41,47.5
2013-01-08,0.044,41,53
2013-01-09,0.035,32,51.5
2013-01-10,0.041,38,50.5
2013-01-12,0.038,35,39.5
2013-01-13,0.044,41,40.5
2013-01-14,0.042,39,39
2013-01-15,0.04,37,41.5
2013-01-16,0.037,34,48.5
2013-01-17,0.042,39,56
2013-01-18,0.044,41,59
2013-01-19,0.043,40,60
2013-01-20,0.044,41,60.5
2013-01-21,0.044,41,58.5
2013-01-22,0.041,38,63
2013-01-23,0.024,22,67.5
2013-01-24,0.025,23,61
2013-01-25,0.021,19,53
2013-01-26,0.031,29,56
2013-01-27,0.038,35,52.5
2013-01-28,0.032,30,46
2013-01-29,0.032,30,46.5
2013-01-30,0.038,35,51
2013-01-31,0.036,33,57
2013-02-01,0.036,33,59
2013-02-02,0.039,36,63
2013-02-03,0.043,40,63
2013-02-04,0.036,33,58.5
2013-02-05,0.024,22,56
2013-02-06,0.037,34,53
2013-02-07,0.042,39,46
2013-02-08,0.039,36,45
2013-02-09,0.039,36,41.5
2013-02-10,0.04,37,41
2013-02-11,0.039,36,43
2013-02-12,0.042,39,45.5
2013-02-13,0.042,39,49.5
2013-02-14,0.044,41,53
2013-02-15,0.049,45,63
2013-02-16,0.051,47,62.5
2013-02-17,0.054,50,54.5
2013-02-18,0.047,44,47
2013-02-19,0.044,41,46
2013-02-20,0.044,41,45
2013-02-21,0.039,36,43.5
2013-02-22,0.045,42,47
2013-02-23,0.048,44,50.5
2013-02-24,0.045,42,49
2013-02-25,0.049,45,50.5
2013-02-26,0.048,44,52
2013-02-27,0.051,47,55
2013-02-28,0.05,46,57
2013-03-01,0.047,44,62.5
2013-03-02,0.053,49,66.5
2013-03-03,0.059,64,61.5
2013-03-04,0.041,38,55
2013-03-05,0.039,36,55
2013-03-06,0.046,43,53.5
2013-03-07,0.041,38,50.5
2013-03-08,0.044,41,45
2013-03-09,0.043,40,48
2013-03-10,0.049,45,51.5
2013-03-11,0.053,49,58
2013-03-12,0.057,58,63.5
2013-03-13,0.055,51,62
2013-03-14,0.055,51,69
2013-03-15,0.064,80,68
2013-03-16,0.051,47,65
2013-03-17,0.057,58,54
2013-03-18,0.049,45,55
2013-03-19,0.049,45,57.5
2013-03-20,0.052,48,62.5
2013-03-21,0.044,41,57
2013-03-22,0.05,46,60
2013-03-23,0.059,64,56.5
2013-03-24,0.071,101,61
2013-03-25,0.064,80,58.5
2013-03-26,0.053,49,59
2013-03-27,0.047,44,59
2013-03-28,0.041,38,59
2013-03-29,0.037,34,58.5
2013-03-30,0.047,44,63.5
2013-03-31,0.034,31,59.5
2013-04-01,0.044,41,57
2013-04-02,0.047,44,60.5
2013-04-03,0.054,50,62
2013-04-04,0.056,54,61.5
2013-04-05,0.039,36,61
2013-04-06,0.05,46,62
2013-04-07,0.053,49,60.5
2013-04-08,0.047,44,51.5
2013-04-09,0.056,54,55.5
2013-04-10,0.059,64,59
2013-04-11,0.054,50,60.5
2013-04-12,0.05,46,62
2013-04-13,0.059,64,60
2013-04-14,0.043,40,54.5
2013-04-15,0.041,38,51
2013-04-16,0.051,47,50
2013-04-17,0.052,48,55
2013-04-18,0.058,61,59.5
2013-04-19,0.058,61,64
2013-04-20,0.074,112,67.5
2013-04-21,0.075,115,68
2013-04-22,0.055,51,61.5
2013-04-23,0.056,54,61.5
2013-04-24,0.041,38,58
2013-04-25,0.047,44,60.5
2013-04-26,0.055,51,62
2013-04-27,0.063,77,65
2013-04-28,0.071,101,67
2013-04-29,0.06,67,63.5
2013-04-30,0.054,50,62
2013-05-01,0.054,50,63.5
2013-05-02,0.072,105,69
2013-05-03,0.072,105,74
2013-05-04,0.07,100,67
2013-05-05,0.054,50,57.5
2013-05-06,0.034,31,56
2013-05-07,0.047,44,57.5
2013-05-08,0.046,43,55.5
2013-05-09,0.044,41,58
2013-05-10,0.056,54,66.5
2013-05-11,0.069,97,72.5
2013-05-12,0.074,112,71.5
2013-05-16,0.057,58,63.5
2013-05-17,0.051,47,63
2013-05-18,0.058,61,66
2013-05-19,0.066,87,66.5
2013-05-20,0.065,84,69.5
2013-05-21,0.073,108,68.5
2013-05-22,0.06,67,66
2013-05-23,0.053,49,60.5
2013-05-24,0.06,67,63
2013-05-25,0.063,77,61.5
2013-05-26,0.057,58,63.5
2013-05-27,0.05,46,62
2013-05-28,0.046,43,63.5
2013-05-29,0.062,74,66.5
2013-05-30,0.056,54,67
2013-05-31,0.072,105,69.5
2013-06-01,0.078,126,72
2013-06-02,0.064,80,67
2013-06-03,0.062,74,68.5
2013-06-04,0.062,74,67.5
2013-06-05,0.063,77,68
2013-06-06,0.068,93,68
2013-06-07,0.066,87,65.5
2013-06-08,0.061,71,66
2013-06-09,0.064,80,65
2013-06-10,0.056,54,68
2013-06-11,0.06,67,69.5
2013-06-12,0.056,54,68
2013-06-13,0.059,64,69.5
2013-06-14,0.062,74,65.5
2013-06-15,0.068,93,66.5
2013-06-16,0.069,97,62
2013-06-17,0.074,112,70
2013-06-18,0.067,90,67
2013-06-19,0.061,71,66
2013-06-20,0.072,105,69.5
2013-06-21,0.069,97,67.5
2013-06-22,0.069,97,68.5
2013-06-23,0.057,58,66.5
2013-06-24,0.044,41,67
2013-06-25,0.051,47,68
2013-06-26,0.052,48,75
2013-06-27,0.056,54,80.5
2013-06-28,0.049,45,81.5
2013-06-29,0.079,129,83.5
2013-06-30,0.073,108,85.5
2013-07-01,0.063,77,81.5
2013-07-02,0.055,51,77.5
2013-07-03,0.061,71,77
2013-07-04,0.062,74,76
2013-07-05,0.052,48,73
2013-07-06,0.057,58,73.5
2013-07-07,0.058,61,75.5
2013-07-08,0.074,112,79.5
2013-07-09,0.064,80,81.5
2013-07-10,0.041,38,74.5
2013-07-11,0.04,37,72.5
2013-07-12,0.057,58,74.5
2013-07-13,0.059,64,75
2013-07-14,0.07,100,75
2013-07-15,0.068,93,76
2013-07-16,0.06,67,76
2013-07-17,0.063,77,75.5
2013-07-18,0.067,90,75.5
2013-07-19,0.049,45,72
2013-07-20,0.042,39,66.5
2013-07-21,0.043,40,68
2013-07-22,0.06,67,73.5
2013-07-23,0.054,50,74.5
2013-07-24,0.055,51,74.5
2013-07-25,0.055,51,72.5
2013-07-26,0.05,46,76
2013-07-27,0.066,87,74
2013-07-28,0.059,64,71.5
2013-07-29,0.054,50,69
2013-07-30,0.055,51,70
2013-07-31,0.055,51,69
2013-08-01,0.064,80,69
2013-08-02,0.06,67,67.5
2013-08-03,0.065,84,66
2013-08-04,0.065,84,70
2013-08-05,0.068,93,69
2013-08-06,0.059,64,70.5
2013-08-07,0.053,49,68
2013-08-08,0.052,48,71.5
2013-08-09,0.053,49,67
2013-08-10,0.059,64,65
2013-08-11,0.062,74,69.5
2013-08-12,0.061,71,70
2013-08-13,0.068,93,71.5
2013-08-14,0.082,140,74.5
2013-08-15,0.076,119,79
2013-08-16,0.069,97,79
2013-08-17,0.066,87,80
2013-08-18,0.062,74,78.5
2013-08-19,0.056,54,73
2013-08-20,0.075,115,76.5
2013-08-21,0.063,77,80
2013-08-22,0.061,71,79
2013-08-23,0.065,84,79.5
2013-08-24,0.071,101,79
2013-08-25,0.053,49,79.5
2013-08-26,0.048,44,81.5
2013-08-28,0.057,58,83
2013-08-29,0.044,41,83
2013-08-30,0.044,41,83
2013-08-31,0.046,43,82
2013-09-01,0.041,38,80
2013-09-02,0.049,45,78
2013-09-03,0.052,48,83.5
2013-09-04,0.052,48,86
2013-09-05,0.068,93,86.5
2013-09-06,0.065,84,87.5
2013-09-07,0.068,93,85.5
2013-09-08,0.054,50,82
2013-09-09,0.051,47,76.5
2013-09-10,0.052,48,73.5
2013-09-11,0.051,47,70.5
2013-09-12,0.056,54,74.5
2013-09-13,0.064,80,72.5
2013-09-14,0.078,126,79.5
2013-09-15,0.08,133,80.5
2013-09-16,0.07,100,78.5
2013-09-17,0.061,71,72
2013-09-18,0.057,58,65
2013-09-19,0.06,67,66.5
2013-09-20,0.058,61,68
2013-09-21,0.06,67,68
2013-09-22,0.049,45,66
2013-09-23,0.064,80,71.5
2013-09-24,0.071,101,70.5
2013-09-25,0.051,47,66.5
2013-09-26,0.049,45,62
2013-09-27,0.054,50,63
2013-09-28,0.059,64,67.5
2013-09-29,0.072,105,70.5
2013-09-30,0.065,84,70.5
2013-10-01,0.062,74,69
2013-10-02,0.051,47,60.5
2013-10-03,0.053,49,61.5
2013-10-04,0.051,47,65
2013-10-05,0.049,45,75.5
2013-10-06,0.06,67,71.5
2013-10-07,0.064,80,69.5
2013-10-08,0.054,50,62.5
2013-10-09,0.041,38,54
2013-10-10,0.045,42,55
2013-10-11,0.054,50,59.5
2013-10-12,0.057,58,60.5
2013-10-13,0.056,54,58
2013-10-14,0.056,54,62.5
2013-10-15,0.06,67,66
2013-10-16,0.059,64,69.5
2013-10-17,0.064,80,65.5
2013-10-19,0.072,105,70.5
2013-10-20,0.067,90,67.5
2013-10-21,0.063,77,67
2013-10-22,0.052,48,63
2013-10-23,0.054,50,59.5
2013-10-25,0.064,80,61
2013-10-26,0.059,64,68.5
2013-10-27,0.062,74,66
2013-10-28,0.036,33,61
2013-10-30,0.041,38,53.5
2013-10-31,0.045,42,59
2013-11-01,0.046,43,63
2013-11-02,0.053,49,65
2013-11-03,0.055,51,56
2013-11-04,0.04,37,56
2013-11-05,0.045,42,56.5
2013-11-06,0.049,45,60.5
2013-11-07,0.047,44,67
2013-11-08,0.051,47,65.5
2013-11-09,0.056,54,62.5
2013-11-10,0.053,49,64.5
2013-11-11,0.057,58,61.5
2013-11-12,0.044,41,66
2013-11-13,0.048,44,72.5
2013-11-14,0.049,45,72
2013-11-15,0.043,40,63
2013-11-16,0.042,39,51.5
2013-11-17,0.047,44,54.5
2013-11-18,0.047,44,54
2013-11-19,0.039,36,53
2013-11-21,0.036,33,54.5
2013-11-22,0.031,29,52.5
2013-11-23,0.037,34,50
2013-11-24,0.041,38,50.5
2013-11-25,0.036,33,58
2013-11-27,0.039,36,60
2013-11-28,0.045,42,56.5
2013-11-29,0.038,35,56
2013-11-30,0.041,38,57
2013-12-01,0.045,42,61.5
2013-12-02,0.044,41,58.5
2013-12-03,0.039,36,56.5
2013-12-05,0.042,39,47
2013-12-06,0.042,39,44.5
2013-12-07,0.04,37,44
2013-12-08,0.041,38,45
2013-12-09,0.045,42,41.5
2013-12-10,0.044,41,48
2013-12-11,0.039,36,53.5
2013-12-12,0.043,40,50
2013-12-13,0.043,40,50
2013-12-14,0.046,43,54
2013-12-15,0.044,41,58.5
2013-12-16,0.043,40,64.5
2013-12-17,0.044,41,64.5
2013-12-18,0.038,35,59.5
2013-12-19,0.039,36,48
2013-12-20,0.037,34,44.5
2013-12-21,0.041,38,47.5
2013-12-22,0.044,41,51
2013-12-23,0.043,40,55
2013-12-24,0.042,39,57
2013-12-25,0.048,44,57
2013-12-26,0.048,44,58
2013-12-27,0.046,43,60
2013-12-28,0.041,38,59
2013-12-29,0.046,43,56
2013-12-30,0.044,41,54.5
2014-01-01,0.053,49,56.5
2014-01-02,0.041,38,60.5
2014-01-03,0.048,44,59.5
2014-01-04,0.047,44,60.5
2014-01-05,0.046,43,59
2014-01-06,0.041,38,58.5
2014-01-07,0.037,34,56
2014-01-08,0.042,39,53.5
2014-01-09,0.04,37,52
2014-01-10,0.049,45,56
2014-01-11,0.056,54,60.5
2014-01-12,0.056,54,57.5
2014-01-13,0.048,44,58
2014-01-14,0.05,46,61
2014-01-15,0.045,42,66.5
2014-01-16,0.05,46,64.5
2014-01-17,0.047,44,65
2014-01-18,0.049,45,62.5
2014-01-19,0.045,42,62.5
2014-01-20,0.051,47,62.5
2014-01-21,0.042,39,62
2014-01-22,0.053,49,62
2014-01-24,0.041,38,62.5
2014-01-25,0.047,44,64
2014-01-26,0.039,36,57.5
2014-01-27,0.048,44,56
2014-01-28,0.046,43,58.5
2014-01-29,0.045,42,61.5
2014-01-30,0.041,38,56.5
2014-01-31,0.042,39,50.5
2014-02-01,0.043,40,49.5
2014-02-02,0.045,42,47.5
2014-02-03,0.042,39,47
2014-02-04,0.043,40,48.5
2014-02-05,0.045,42,48.5
2014-02-06,0.044,41,49.5
2014-02-07,0.041,38,51.5
2014-02-08,0.045,42,52.5
2014-02-09,0.037,34,52
2014-02-10,0.037,34,54
2014-02-11,0.046,43,58
2014-02-12,0.054,50,64.5
2014-02-13,0.055,51,66
2014-02-14,0.054,50,69
2014-02-15,0.055,51,69
2014-02-16,0.044,41,64
2014-02-17,0.039,36,61.5
2014-02-18,0.035,32,53
2014-02-19,0.048,44,56.5
2014-02-20,0.051,47,58.5
2014-02-21,0.055,51,65.5
2014-02-22,0.054,50,58.5
2014-02-23,0.06,67,60.5
2014-02-24,0.056,54,59
2014-02-25,0.058,61,57
2014-02-26,0.037,34,55.5
2014-02-27,0.027,25,56
2014-02-28,0.044,41,57
2014-03-01,0.044,41,54
2014-03-02,0.041,38,51
2014-03-03,0.044,41,53
2014-03-04,0.045,42,53.5
2014-03-05,0.049,45,60
2014-03-06,0.049,45,59
2014-03-07,0.043,40,57.5
2014-03-08,0.051,47,62.5
2014-03-09,0.049,45,64.5
2014-03-10,0.058,61,63.5
2014-03-11,0.052,48,62.5
2014-03-12,0.049,45,62
2014-03-13,0.055,51,54
2014-03-14,0.056,54,60.5
2014-03-15,0.06,67,64
2014-03-16,0.057,58,70
2014-03-17,0.059,64,64
2014-03-18,0.051,47,61
2014-03-19,0.055,51,60.5
2014-03-20,0.053,49,61
2014-03-21,0.058,61,59.5
2014-03-22,0.056,54,57.5
2014-03-23,0.055,51,61
2014-03-24,0.058,61,59
2014-03-25,0.053,49,57
2014-03-26,0.045,42,54.5
2014-03-27,0.047,44,53.5
2014-03-28,0.053,49,55
2014-03-29,0.062,74,63.5
2014-03-30,0.052,48,59
2014-03-31,0.051,47,52.5
2014-04-01,0.054,50,53.5
2014-04-02,0.05,46,52.5
2014-04-03,0.053,49,51.5
2014-04-04,0.053,49,50
2014-04-05,0.05,46,53
2014-04-06,0.063,77,60.5
2014-04-07,0.062,74,68
2014-04-08,0.073,108,75
2014-04-09,0.075,115,74
2014-04-10,0.059,64,71
2014-04-11,0.056,54,70
2014-04-12,0.054,50,60
2014-04-13,0.052,48,59.5
2014-04-14,0.064,80,66
2014-04-15,0.071,101,67.5
2014-04-16,0.062,74,61.5
2014-04-17,0.055,51,59.5
2014-04-18,0.053,49,60
2014-04-19,0.052,48,60.5
2014-04-20,0.062,74,64.5
2014-04-21,0.064,80,67.5
2014-04-22,0.059,64,66
2014-04-23,0.061,71,59
2014-04-24,0.068,93,60.5
2014-04-25,0.056,54,59.5
2014-04-26,0.05,46,53
2014-04-27,0.054,50,57
2014-04-28,0.065,84,62.5
2014-04-29,0.061,71,61.5
2014-04-30,0.065,84,70.5
2014-05-01,0.077,122,71.5
2014-05-02,0.081,136,77.5
2014-05-03,0.081,136,75.5
2014-05-04,0.07,100,68.5
2014-05-05,0.051,47,65.5
2014-05-06,0.048,44,58
2014-05-07,0.046,43,54
2014-05-08,0.055,51,61
2014-05-09,0.061,71,60
2014-05-10,0.054,50,60.5
2014-05-11,0.057,58,61
2014-05-12,0.061,71,67
2014-05-13,0.062,74,70.5
2014-05-14,0.053,49,79
2014-05-15,0.064,80,81
2014-05-16,0.072,105,80
2014-05-17,0.068,93,77
2014-05-18,0.057,58,67
2014-05-19,0.048,44,64.5
2014-05-20,0.042,39,58.5
2014-05-21,0.049,45,58.5
2014-05-22,0.041,38,60
2014-05-23,0.051,47,64
2014-05-24,0.051,47,64.5
2014-05-25,0.058,61,69.5
2014-05-26,0.068,93,71
2014-05-27,0.07,100,69.5
2014-05-28,0.061,71,71.5
2014-05-29,0.058,61,69.5
2014-05-30,0.064,80,69.5
2014-05-31,0.072,105,70
2014-06-01,0.072,105,72
2014-06-02,0.063,77,69.5
2014-06-03,0.069,97,70
2014-06-04,0.066,87,70
2014-06-05,0.07,100,69.5
2014-06-06,0.06,67,67
2014-06-07,0.063,77,67.5
2014-06-08,0.066,87,69.5
2014-06-09,0.069,97,69
2014-06-10,0.062,74,69.5
2014-06-13,0.064,80,68.5
2014-06-14,0.063,77,67
2014-06-15,0.065,84,65.5
2014-06-16,0.052,48,67
2014-06-17,0.049,45,66
2014-06-18,0.054,50,65
2014-06-19,0.057,58,69
2014-06-20,0.065,84,73
2014-06-21,0.073,108,74.5
2014-06-22,0.058,61,68.5
2014-06-23,0.061,71,66
2014-06-24,0.065,84,69
2014-06-25,0.066,87,67
2014-06-26,0.067,90,71.5
2014-06-27,0.044,41,69.5
2014-06-28,0.062,74,72.5
2014-06-29,0.06,67,71.5
2014-06-30,0.061,71,69.5
2014-07-01,0.064,80,71.5
2014-07-02,0.075,115,74.5
2014-07-03,0.077,122,77.5
2014-07-04,0.064,80,77.5
2014-07-05,0.048,44,78.5
2014-07-06,0.042,39,80
2014-07-07,0.055,51,78
2014-07-08,0.068,93,75
2014-07-09,0.064,80,72
2014-07-10,0.058,61,75
2014-07-11,0.047,44,71.5
2014-07-12,0.049,45,71
2014-07-13,0.061,71,75.5
2014-07-14,0.043,40,74
2014-07-15,0.043,40,69.5
2014-07-16,0.054,50,72.5
2014-07-17,0.049,45,71.5
2014-07-18,0.049,45,68
2014-07-19,0.041,38,70
2014-07-20,0.045,42,73
2014-07-21,0.053,49,74.5
2014-07-22,0.059,64,73.5
2014-07-23,0.057,58,75
2014-07-24,0.078,126,84
2014-07-25,0.06,67,78.5
2014-07-26,0.057,58,81
2014-07-27,0.058,61,76
2014-07-28,0.067,90,80
2014-07-29,0.055,51,80
2014-07-30,0.062,74,80.5
2014-07-31,0.073,108,79.5
2014-08-01,0.072,105,79.5
2014-08-02,0.043,40,74
2014-08-03,0.052,48,76
2014-08-04,0.057,58,76.5
2014-08-05,0.056,54,74.5
2014-08-06,0.058,61,70.5
2014-08-07,0.059,64,70.5
2014-08-08,0.065,84,71.5
2014-08-09,0.068,93,72
2014-08-10,0.065,84,75
2014-08-11,0.059,64,78
2014-08-12,0.061,71,76
2014-08-13,0.056,54,76
2014-08-14,0.054,50,77
2014-08-15,0.045,42,81
2014-08-16,0.043,40,82
2014-08-17,0.045,42,80.5
2014-08-18,0.062,74,79
2014-08-19,0.053,49,75.5
2014-08-20,0.05,46,69
2014-08-21,0.056,54,72.5
2014-08-22,0.057,58,72.5
2014-08-23,0.054,50,73
2014-08-24,0.057,58,70
2014-08-25,0.05,46,76
2014-08-26,0.049,45,76
2014-08-27,0.049,45,80
2014-08-28,0.044,41,79.5
2014-08-29,0.072,105,80.5
2014-08-30,0.078,126,78.5
2014-08-31,0.074,112,79
2014-09-01,0.064,80,76.5
2014-09-02,0.068,93,74.5
2014-09-03,0.062,74,74
2014-09-04,0.064,80,75.5
2014-09-05,0.07,100,72.5
2014-09-06,0.067,90,74.5
2014-09-07,0.062,74,81
2014-09-08,0.048,44,79.5
2014-09-09,0.04,37,78.5
2014-09-10,0.06,67,77
2014-09-11,0.072,105,80.5
2014-09-12,0.079,129,81.5
2014-09-13,0.08,133,83
2014-09-14,0.066,87,89.5
2014-09-15,0.069,97,89.5
2014-09-16,0.046,43,86
2014-09-17,0.053,49,85.5
2014-09-18,0.037,34,74
2014-09-19,0.044,41,74
2014-09-20,0.047,44,71.5
2014-09-21,0.049,45,68.5
2014-09-22,0.066,87,72
2014-09-23,0.053,49,76
2014-09-24,0.061,71,78.5
2014-09-25,0.058,61,79.5
2014-09-26,0.045,42,74.5
2014-09-27,0.052,48,66
2014-09-28,0.049,45,65
2014-09-29,0.058,61,66.5
2014-09-30,0.066,87,68.5
2014-10-01,0.067,90,69
2014-10-02,0.064,80,76
2014-10-03,0.072,105,78.5
2014-10-04,0.08,133,78
2014-10-05,0.079,129,79.5
2014-10-06,0.075,115,76.5
2014-10-07,0.061,71,79.5
2014-10-08,0.062,74,73
2014-10-09,0.061,71,68.5
2014-10-10,0.066,87,68
2014-10-11,0.071,101,66.5
2014-10-12,0.072,105,68
2014-10-13,0.065,84,69.5
2014-10-14,0.054,50,67
2014-10-15,0.042,39,66
2014-10-16,0.052,48,64.5
2014-10-17,0.052,48,67.5
2014-10-18,0.055,51,66
2014-10-19,0.058,61,68
2014-10-20,0.058,61,65.5
2014-10-21,0.062,74,68
2014-10-22,0.059,64,68
2014-10-23,0.066,87,72.5
2014-10-24,0.054,50,73
2014-10-25,0.06,67,71
2014-10-26,0.043,40,62.5
2014-10-27,0.052,48,61
2014-10-28,0.063,77,62.5
2014-10-29,0.066,87,68.5
2014-10-30,0.066,87,67.5
2014-10-31,0.049,45,63.5
2014-11-01,0.047,44,58
2014-11-02,0.049,45,54.5
2014-11-03,0.049,45,57
2014-11-04,0.048,44,59
2014-11-05,0.051,47,65.5
2014-11-06,0.052,48,68.5
2014-11-07,0.06,67,70.5
2014-11-08,0.062,74,71
2014-11-09,0.071,101,69.5
2014-11-10,0.061,71,60
2014-11-11,0.044,41,60
2014-11-12,0.046,43,61
2014-11-13,0.048,44,60
2014-11-14,0.044,41,61
2014-11-15,0.049,45,57
2014-11-16,0.05,46,58.5
2014-11-17,0.049,45,58.5
2014-11-20,0.046,43,54.5
2014-11-21,0.045,42,54.5
2014-11-22,0.048,44,56.5
2014-11-23,0.047,44,58
2014-11-24,0.047,44,60.5
2014-11-26,0.044,41,67.5
2014-11-27,0.047,44,69
2014-11-28,0.052,48,68.5
2014-11-29,0.052,48,62.5
2014-11-30,0.044,41,58
2014-12-02,0.031,29,57
2014-12-03,0.023,21,58.5
2014-12-04,0.036,33,60
2014-12-05,0.029,27,54.5
2014-12-06,0.04,37,60
2014-12-07,0.043,40,61.5
2014-12-08,0.039,36,61
2014-12-09,0.042,39,60.5
2014-12-10,0.039,36,59.5
2014-12-11,0.038,35,58
2014-12-12,0.047,44,55
2014-12-13,0.045,42,51
2014-12-14,0.045,42,49
2014-12-16,0.04,37,49
2014-12-17,0.046,43,53
2014-12-19,0.047,44,50.5
2014-12-20,0.042,39,50
2014-12-21,0.039,36,54.5
2014-12-22,0.039,36,58
2014-12-23,0.041,38,63
2014-12-24,0.04,37,61
2014-12-25,0.042,39,53
2014-12-26,0.043,40,47
2014-12-27,0.044,41,44
2014-12-28,0.042,39,44
2014-12-29,0.045,42,46
2014-12-30,0.046,43,45.5
2015-01-01,0.043,40,41
2015-01-02,0.043,40,41.5
2015-01-03,0.049,45,45
2015-01-04,0.042,39,50.5
2015-01-05,0.042,39,60
2015-01-06,0.042,39,66.5
2015-01-07,0.039,36,61.5
2015-01-08,0.036,33,61
2015-01-09,0.035,32,58.5
2015-01-10,0.043,40,56.5
2015-01-11,0.028,26,54.5
2015-01-12,0.033,31,56
2015-01-13,0.041,38,54
2015-01-14,0.038,35,53
2015-01-15,0.04,37,60.5
2015-01-16,0.039,36,56
2015-01-17,0.042,39,60
2015-01-18,0.051,47,58.5
2015-01-19,0.046,43,57
2015-01-20,0.032,30,53.5
2015-01-21,0.046,43,54.5
2015-01-22,0.043,40,57
2015-01-23,0.044,41,54.5
2015-01-24,0.044,41,67
2015-01-25,0.042,39,66.5
2015-01-26,0.038,35,63.5
2015-01-27,0.036,33,59.5
2015-01-28,0.039,36,60.5
2015-01-29,0.034,31,61
2015-01-30,0.03,28,55.5
2015-01-31,0.039,36,54
2015-02-01,0.044,41,60
2015-02-02,0.044,41,61
2015-02-03,0.046,43,64
2015-02-04,0.042,39,64.5
2015-02-05,0.053,49,69.5
2015-02-06,0.048,44,66
2015-02-07,0.04,37,60.5
2015-02-08,0.039,36,63.5
2015-02-09,0.039,36,62.5
2015-02-10,0.05,46,59.5
2015-02-12,0.047,44,72.5
2015-02-13,0.049,45,70.5
2015-02-14,0.052,48,69
2015-02-15,0.059,64,66
2015-02-16,0.061,71,62.5
2015-02-17,0.052,48,57.5
2015-02-18,0.048,44,61.5
2015-02-19,0.051,47,62
2015-02-20,0.047,44,56.5
2015-02-21,0.045,42,52
2015-02-22,0.043,40,54.5
2015-02-23,0.045,42,52
2015-02-24,0.04,37,50
2015-02-25,0.049,45,55
2015-02-26,0.055,51,58.5
2015-02-27,0.05,46,56
2015-02-28,0.043,40,52
2015-03-01,0.043,40,49
2015-03-02,0.042,39,48
2015-03-03,0.044,41,49
2015-03-04,0.049,45,57
2015-03-05,0.05,46,61.5
2015-03-06,0.051,47,65
2015-03-07,0.054,50,70
2015-03-08,0.061,71,66.5
2015-03-09,0.051,47,58.5
2015-03-10,0.059,64,62
2015-03-11,0.06,67,64.5
2015-03-12,0.061,71,65.5
2015-03-13,0.054,50,67
2015-03-14,0.06,67,70
2015-03-15,0.059,64,72
2015-03-16,0.063,77,70
2015-03-17,0.065,84,67.5
2015-03-18,0.056,54,62.5
2015-03-19,0.055,51,62
2015-03-20,0.064,80,64.5
2015-03-21,0.072,105,64.5
2015-03-22,0.058,61,60
2015-03-23,0.051,47,57.5
2015-03-24,0.057,58,59.5
2015-03-25,0.068,93,66.5
2015-03-26,0.057,58,69.5
2015-03-27,0.069,97,76.5
2015-03-28,0.067,90,70.5
2015-03-29,0.064,80,70
2015-03-30,0.063,77,66.5
2015-03-31,0.06,67,65.5
2015-04-01,0.063,77,59
2015-04-02,0.063,77,60.5
2015-04-03,0.065,84,67.5
2015-04-04,0.067,90,68
2015-04-05,0.06,67,60
2015-04-06,0.058,61,57.5
2015-04-07,0.058,61,52.5
2015-04-08,0.059,64,54.5
2015-04-09,0.062,74,59
2015-04-10,0.064,80,57.5
2015-04-11,0.073,108,59.5
2015-04-12,0.073,108,60
2015-04-13,0.069,97,64
2015-04-14,0.066,87,62.5
2015-04-15,0.075,115,64
2015-04-16,0.069,97,62
2015-04-17,0.075,115,66.5
2015-04-18,0.08,133,65
2015-04-19,0.076,119,70
2015-04-20,0.068,93,61.5
2015-04-21,0.06,67,59.5
2015-04-22,0.058,61,58.5
2015-04-23,0.052,48,54.5
2015-04-24,0.044,41,54
2015-04-25,0.047,44,55.5
2015-04-26,0.056,54,58
2015-04-27,0.075,115,66
2015-04-28,0.068,93,72
2015-04-29,0.069,97,76
2015-04-30,0.066,87,75
2015-05-01,0.061,71,74.5
2015-05-02,0.06,67,67.5
2015-05-03,0.056,54,63
2015-05-04,0.05,46,62
2015-05-05,0.055,51,61
2015-05-06,0.055,51,59
2015-05-08,0.046,43,51
2015-05-09,0.046,43,53.5
2015-05-10,0.061,71,60.5
2015-05-11,0.066,87,65
2015-05-12,0.058,61,63
2015-05-14,0.05,46,55.5
2015-05-15,0.054,50,53.5
2015-05-16,0.052,48,57
2015-05-17,0.057,58,58.5
2015-05-18,0.057,58,60
2015-05-19,0.055,51,61
2015-05-20,0.053,49,60.5
2015-05-21,0.048,44,57.5
2015-05-22,0.042,39,54.5
2015-05-23,0.044,41,54.5
2015-05-24,0.048,44,57
2015-05-25,0.044,41,57
2015-05-26,0.047,44,61.5
2015-05-27,0.051,47,63.5
2015-05-28,0.06,67,65.5
2015-05-29,0.067,90,67.5
2015-05-30,0.072,105,68.5
2015-05-31,0.072,105,68
2015-06-01,0.058,61,68
2015-06-02,0.047,44,66
2015-06-03,0.05,46,64
2015-06-04,0.048,44,61.5
2015-06-05,0.054,50,62.5
2015-06-06,0.059,64,63
2015-06-07,0.067,90,67.5
2015-06-08,0.066,87,78
2015-06-09,0.053,49,80
2015-06-10,0.054,50,70
2015-06-11,0.048,44,67.5
2015-06-12,0.047,44,68.5
2015-06-13,0.049,45,67.5
2015-06-14,0.055,51,72
2015-06-16,0.078,126,74
2015-06-17,0.077,122,74.5
2015-06-18,0.082,140,78
2015-06-19,0.084,147,78
2015-06-20,0.079,129,78.5
2015-06-21,0.067,90,73.5
2015-06-22,0.071,101,75.5
2015-06-23,0.073,108,74
2015-06-24,0.062,74,75
2015-06-25,0.07,100,75.5
2015-06-26,0.067,90,75.5
2015-06-27,0.051,47,75
2015-06-28,0.056,54,80
2015-06-29,0.054,50,78.5
2015-06-30,0.062,74,78
2015-07-01,0.052,48,79
2015-07-02,0.06,67,76.5
2015-07-03,0.053,49,75.5
2015-07-04,0.047,44,72.5
2015-07-05,0.041,38,71
2015-07-06,0.043,40,71
2015-07-07,0.053,49,72.5
2015-07-08,0.04,37,69
2015-07-09,0.037,34,67.5
2015-07-11,0.042,39,68
2015-07-12,0.051,47,70.5
2015-07-13,0.056,54,72
2015-07-14,0.052,48,70.5
2015-07-15,0.061,71,71
2015-07-16,0.063,77,70
2015-07-17,0.066,87,75.5
2015-07-18,0.033,31,75
2015-07-19,0.033,31,74.5
2015-07-20,0.04,37,75
2015-07-21,0.029,27,73.5
2015-07-22,0.043,40,73
2015-07-23,0.04,37,74.5
2015-07-24,0.047,44,75.5
2015-07-25,0.051,47,77.5
2015-07-26,0.046,43,74
2015-07-27,0.051,47,70.5
2015-07-28,0.061,71,72.5
2015-07-29,0.068,93,73
2015-07-30,0.066,87,78
2015-07-31,0.059,64,77
2015-08-01,0.056,54,73
2015-08-02,0.054,50,74
2015-08-03,0.06,67,74
2015-08-04,0.064,80,78
2015-08-05,0.056,54,77.5
2015-08-06,0.059,64,78
2015-08-07,0.061,71,72.5
2015-08-08,0.055,51,70.5
2015-08-09,0.049,45,68.5
2015-08-10,0.053,49,71
2015-08-11,0.057,58,69.5
2015-08-12,0.075,115,74
2015-08-13,0.079,129,82.5
2015-08-14,0.075,115,83
2015-08-15,0.061,71,86.5
2015-08-16,0.067,90,86.5
2015-08-17,0.052,48,78
2015-08-18,0.059,64,76.5
2015-08-19,0.063,77,71.5
2015-08-20,0.061,71,70.5
2015-08-21,0.065,84,72
2015-08-22,0.071,101,72
2015-08-23,0.064,80,72
2015-08-24,0.075,115,76
2015-08-25,0.05,46,75.5
2015-08-26,0.067,90,81
2015-08-27,0.062,74,83.5
2015-08-28,0.076,119,86.5
2015-08-29,0.054,50,83.5
2015-08-30,0.043,40,79.5
2015-08-31,0.055,51,73
2015-09-01,0.054,50,71
2015-09-02,0.062,74,70.5
2015-09-03,0.055,51,67.5
2015-09-04,0.057,58,70
2015-09-05,0.059,64,70
2015-09-06,0.046,43,75.5
2015-09-07,0.046,43,81.5
2015-09-08,0.052,48,85.5
2015-09-09,0.064,80,87
2015-09-10,0.042,39,82.5
2015-09-11,0.052,48,80
2015-09-12,0.05,46,79.5
2015-09-13,0.057,58,77.5
2015-09-14,0.041,38,71.5
2015-09-15,0.022,20,72
2015-09-16,0.043,40,68.5
2015-09-17,0.051,47,69
2015-09-18,0.073,108,71
2015-09-19,0.071,101,76
2015-09-20,0.05,46,79.5
2015-09-21,0.049,45,83
2015-09-22,0.06,67,75.5
2015-09-23,0.067,90,75
2015-09-24,0.075,115,77
2015-09-25,0.078,126,77
2015-09-26,0.077,122,78.5
2015-09-27,0.07,100,79
2015-09-28,0.059,64,77.5
2015-09-29,0.058,61,74.5
2015-09-30,0.073,108,76.5
2015-10-01,0.05,46,75
2015-10-02,0.047,44,69.5
2015-10-03,0.059,64,69
2015-10-04,0.041,38,66
2015-10-05,0.043,40,58.5
2015-10-06,0.053,49,61.5
2015-10-07,0.062,74,67
2015-10-08,0.063,77,74
2015-10-09,0.052,48,76.5
2015-10-10,0.045,42,81
2015-10-11,0.048,44,80
2015-10-12,0.038,35,79.5
2015-10-13,0.041,38,76.5
2015-10-14,0.039,36,76
2015-10-15,0.033,31,74
2015-10-16,0.028,26,70
2015-10-17,0.043,40,70
2015-10-18,0.037,34,69.5
2015-10-19,0.043,40,66.5
2015-10-20,0.05,46,64
2015-10-21,0.056,54,64.5
2015-10-22,0.058,61,66.5
2015-10-23,0.058,61,66
2015-10-24,0.053,49,71
2015-10-25,0.052,48,69.5
2015-10-26,0.06,67,71.5
2015-10-27,0.074,112,71.5
2015-10-28,0.057,58,68.5
2015-10-29,0.055,51,66.5
2015-10-30,0.05,46,65
2015-10-31,0.056,54,69
2015-11-01,0.065,84,70.5
2015-11-02,0.047,44,65.5
2015-11-03,0.042,39,63.5
2015-11-04,0.044,41,53.5
2015-11-05,0.045,42,54
2015-11-06,0.045,42,57
2015-11-07,0.048,44,59.5
2015-11-08,0.058,61,60
2015-11-09,0.048,44,59.5
2015-11-10,0.044,41,53
2015-11-11,0.046,43,55
2015-11-12,0.046,43,55
2015-11-13,0.049,45,57
2015-11-14,0.054,50,56
2015-11-15,0.053,49,51.5
2015-11-16,0.041,38,50.5
2015-11-17,0.043,40,51
2015-11-18,0.044,41,56
2015-11-20,0.048,44,67
2015-11-21,0.045,42,70.5
2015-11-22,0.049,45,67.5
2015-11-23,0.052,48,70
2015-11-24,0.049,45,59.5
2015-11-25,0.043,40,52.5
2015-11-26,0.04,37,49.5
2015-11-27,0.04,37,50
2015-11-28,0.047,44,48.5
2015-11-29,0.048,44,49.5
2015-11-30,0.045,42,50.5
2015-12-01,0.045,42,49.5
2015-12-02,0.045,42,58
2015-12-03,0.043,40,62.5
2015-12-05,0.046,43,57
2015-12-06,0.045,42,64
2015-12-08,0.045,42,64
2015-12-10,0.05,46,58
2015-12-11,0.041,38,51.5
2015-12-12,0.04,37,46
2015-12-13,0.044,41,49
2015-12-14,0.041,38,43
2015-12-15,0.038,35,44.5
2015-12-16,0.035,32,44.5
2015-12-17,0.039,36,48
2015-12-18,0.04,37,55
2015-12-19,0.041,38,50
2015-12-20,0.04,37,49.5
2015-12-21,0.04,37,46
2015-12-22,0.039,36,52.5
2015-12-23,0.037,34,49
2015-12-24,0.04,37,52.5
2015-12-25,0.041,38,47
2015-12-26,0.04,37,44
2015-12-27,0.041,38,43
2015-12-28,0.04,37,41.5
2015-12-29,0.038,35,43.5
2015-12-30,0.041,38,46.5
2016-01-01,0.045,42,50
2016-01-02,0.04,37,50
2016-01-03,0.045,42,48.5
2016-01-04,0.041,38,50
2016-01-05,0.043,40,51.5
2016-01-06,0.044,41,49.5
2016-01-07,0.043,40,43.5
2016-01-08,0.042,39,46
2016-01-09,0.042,39,45.5
2016-01-10,0.036,33,45.5
2016-01-11,0.046,43,50.5
2016-01-12,0.044,41,48.5
2016-01-13,0.034,31,49
2016-01-14,0.042,39,49
2016-01-15,0.034,31,46.5
2016-01-16,0.04,37,54
2016-01-17,0.045,42,56
2016-01-18,0.037,34,55
2016-01-19,0.031,29,53
2016-01-20,0.038,35,53
2016-01-21,0.041,38,58.5
2016-01-22,0.039,36,57
2016-01-23,0.035,32,52.5
2016-01-24,0.044,41,49.5
2016-01-25,0.041,38,52
2016-01-26,0.049,45,58.5
2016-01-27,0.044,41,53.5
2016-01-28,0.043,40,58.5
2016-01-29,0.046,43,57.5
2016-01-30,0.041,38,53.5
2016-01-31,0.045,42,48
2016-02-01,0.04,37,43
2016-02-02,0.041,38,46
2016-02-03,0.045,42,47.5
2016-02-04,0.046,43,52.5
2016-02-05,0.048,44,56.5
2016-02-06,0.049,45,59.5
2016-02-07,0.049,45,62
2016-02-08,0.048,44,70.5
2016-02-09,0.047,44,67
2016-02-10,0.052,48,67
2016-02-11,0.057,58,67
2016-02-12,0.07,100,68.5
2016-02-13,0.087,154,65.5
2016-02-14,0.068,93,62
2016-02-15,0.046,43,69
2016-02-16,0.051,47,69.5
2016-02-17,0.051,47,66.5
2016-02-18,0.035,32,57.5
2016-02-19,0.046,43,56.5
2016-02-20,0.058,61,56
2016-02-21,0.066,87,57
2016-02-22,0.066,87,61.5
2016-02-23,0.056,54,62.5
2016-02-24,0.054,50,66
2016-02-25,0.058,61,64
2016-02-26,0.068,93,64.5
2016-02-27,0.074,112,62
2016-02-28,0.072,105,61.5
2016-02-29,0.076,119,63
2016-03-01,0.074,112,67
2016-03-02,0.062,74,64.5
2016-03-03,0.05,46,61
2016-03-04,0.045,42,58.5
2016-03-05,0.046,43,58.5
2016-03-06,0.047,44,51
2016-03-07,0.047,44,46
2016-03-08,0.048,44,51
2016-03-09,0.053,49,52.5
2016-03-10,0.057,58,64
2016-03-11,0.044,41,57.5
2016-03-12,0.045,42,51
2016-03-13,0.048,44,50
2016-03-14,0.042,39,56.5
2016-03-15,0.052,48,61.5
2016-03-16,0.061,71,69
2016-03-17,0.064,80,67
2016-03-18,0.065,84,60.5
2016-03-19,0.059,64,61
2016-03-20,0.053,49,61.5
2016-03-21,0.044,41,59
2016-03-22,0.055,51,58.5
2016-03-25,0.063,77,61.5
2016-03-26,0.059,64,59
2016-03-27,0.056,54,57.5
2016-03-28,0.05,46,53
2016-03-29,0.047,44,51
2016-03-30,0.048,44,51
2016-03-31,0.051,47,52.5
2016-04-01,0.056,54,54
2016-04-02,0.056,54,61
2016-04-03,0.061,71,64.5
2016-04-04,0.062,74,65.5
2016-04-05,0.065,84,66
2016-04-06,0.056,54,70.5
2016-04-07,0.039,36,60
2016-04-08,0.045,42,58
2016-04-09,0.032,30,55
2016-04-10,0.045,42,55.5
2016-04-11,0.042,39,54.5
2016-04-12,0.048,44,57
2016-04-13,0.052,48,63
2016-04-14,0.057,58,58
2016-04-15,0.061,71,56
2016-04-16,0.06,67,61
2016-04-17,0.06,67,67.5
2016-04-18,0.066,87,64.5
2016-04-19,0.074,112,70.5
2016-04-20,0.072,105,70
2016-04-21,0.065,84,63
2016-04-22,0.05,46,62.5
2016-04-23,0.061,71,59.5
2016-04-24,0.06,67,60.5
2016-04-25,0.056,54,59
2016-04-26,0.06,67,56
2016-04-27,0.056,54,55.5
2016-04-28,0.05,46,53
2016-04-29,0.056,54,55.5
2016-04-30,0.051,47,57.5
2016-05-01,0.056,54,57
2016-05-02,0.059,64,63.5
2016-05-03,0.065,84,64
2016-05-04,0.058,61,64
2016-05-05,0.043,40,61.5
2016-05-06,0.046,43,53.5
2016-05-07,0.044,41,54.5
2016-05-08,0.043,40,54.5
2016-05-09,0.045,42,55
2016-05-10,0.052,48,63
2016-05-11,0.055,51,66.5
2016-05-12,0.068,93,66
2016-05-13,0.062,74,64
2016-05-14,0.039,36,62.5
2016-05-15,0.04,37,59
2016-05-16,0.036,33,58
2016-05-17,0.038,35,64
2016-05-18,0.061,71,64.5
2016-05-19,0.065,84,63
2016-05-20,0.05,46,62
2016-05-21,0.043,40,59
2016-05-22,0.047,44,56.5
2016-05-23,0.044,41,57.5
2016-05-24,0.033,31,59.5
2016-05-25,0.039,36,60.5
2016-05-26,0.044,41,59.5
2016-05-27,0.054,50,65.5
2016-05-28,0.054,50,60.5
2016-05-29,0.039,36,61.5
2016-05-30,0.046,43,65
2016-05-31,0.054,50,64.5
2016-06-01,0.063,77,65
2016-06-02,0.084,147,73
2016-06-03,0.08,133,82
2016-06-04,0.08,133,81
2016-06-05,0.065,84,74.5
2016-06-06,0.054,50,69
2016-06-07,0.055,51,64.5
2016-06-08,0.063,77,68
2016-06-09,0.058,61,67
2016-06-10,0.057,58,67
2016-06-11,0.035,32,66
2016-06-12,0.049,45,64
2016-06-13,0.049,45,65
2016-06-15,0.055,51,64
2016-06-16,0.056,54,65
2016-06-17,0.056,54,70
2016-06-18,0.067,90,75.5
2016-06-19,0.076,119,84.5
2016-06-20,0.084,147,86.5
2016-06-21,0.053,49,81
2016-06-22,0.063,77,81.5
2016-06-23,0.069,97,81
2016-06-24,0.068,93,74.5
2016-06-25,0.073,108,73.5
2016-06-26,0.069,97,70.5
2016-06-27,0.072,105,81.5
2016-06-28,0.075,115,81
2016-06-29,0.082,140,79
2016-06-30,0.07,100,73.5
2016-07-01,0.063,77,71
2016-07-02,0.062,74,70
2016-07-03,0.057,58,70
2016-07-04,0.053,49,71
2016-07-05,0.06,67,70.5
2016-07-06,0.061,71,69.5
2016-07-07,0.064,80,68
2016-07-08,0.069,97,69
2016-07-09,0.063,77,70.5
2016-07-10,0.059,64,74.5
2016-07-11,0.056,54,69
2016-07-12,0.065,84,69
2016-07-13,0.075,115,73.5
2016-07-14,0.077,122,73.5
2016-07-15,0.074,112,75
2016-07-16,0.068,93,74.5
2016-07-17,0.065,84,74.5
2016-07-18,0.066,87,73.5
2016-07-19,0.062,74,77.5
2016-07-20,0.073,108,79
2016-07-21,0.07,100,84.5
2016-07-22,0.073,108,88
2016-07-23,0.076,119,87.5
2016-07-24,0.059,64,84
2016-07-25,0.051,47,83.5
2016-07-26,0.065,84,81
2016-07-27,0.061,71,80.5
2016-07-28,0.063,77,80.5
2016-07-29,0.073,108,79.5
2016-07-30,0.055,51,80.5
2016-07-31,0.054,50,78
2016-08-01,0.056,54,74.5
2016-08-02,0.051,47,75
2016-08-03,0.052,48,73
2016-08-04,0.057,58,74
2016-08-05,0.064,80,74.5
2016-08-06,0.06,67,75.5
2016-08-07,0.061,71,74.5
2016-08-08,0.071,101,72
2016-08-09,0.072,105,68
2016-08-10,0.069,97,70.5
2016-08-11,0.059,64,74
2016-08-12,0.063,77,73.5
2016-08-13,0.065,84,78.5
2016-08-14,0.061,71,79
2016-08-15,0.052,48,84.5
2016-08-16,0.064,80,86.5
2016-08-17,0.058,61,83.5
2016-08-18,0.075,115,81.5
2016-08-19,0.062,74,79.5
2016-08-20,0.058,61,75.5
2016-08-21,0.051,47,75
2016-08-22,0.057,58,76
2016-08-23,0.061,71,74
2016-08-24,0.063,77,76.5
2016-08-25,0.062,74,73
2016-08-26,0.057,58,74
2016-08-27,0.051,47,69.5
2016-08-28,0.059,64,73
2016-08-29,0.077,122,75.5
2016-08-30,0.091,164,81
2016-08-31,0.078,126,84
2016-09-01,0.066,87,79.5
2016-09-02,0.057,58,75
2016-09-03,0.051,47,70.5
2016-09-04,0.048,44,67.5
2016-09-05,0.054,50,65
2016-09-06,0.063,77,65
2016-09-07,0.067,90,70
2016-09-08,0.061,71,70
2016-09-09,0.067,90,71.5
2016-09-10,0.07,100,75
2016-09-11,0.054,50,74
2016-09-13,0.038,35,62
2016-09-14,0.053,49,63
2016-09-15,0.065,84,65.5
2016-09-16,0.056,54,65.5
2016-09-17,0.064,80,69.5
2016-09-18,0.064,80,80.5
2016-09-19,0.044,41,81.5
2016-09-20,0.019,18,73.5
2016-09-21,0.032,30,71
2016-09-22,0.043,40,61.5
2016-09-23,0.058,61,64
2016-09-24,0.065,84,72.5
2016-09-25,0.056,54,73.5
2016-09-26,0.049,45,71
2016-09-27,0.043,40,79.5
2016-09-28,0.061,71,76
2016-09-29,0.062,74,78
2016-09-30,0.054,50,73
2016-10-01,0.057,58,74
2016-10-02,0.048,44,66.5
2016-10-03,0.055,51,61
2016-10-04,0.052,48,63
2016-10-05,0.054,50,62
2016-10-06,0.069,97,66.5
2016-10-07,0.061,71,70
2016-10-08,0.067,90,74
2016-10-09,0.064,80,75.5
2016-10-10,0.06,67,74.5
2016-10-11,0.046,43,64.5
2016-10-12,0.048,44,63
2016-10-13,0.056,54,63
2016-10-14,0.058,61,64.5
2016-10-15,0.053,49,63.5
2016-10-16,0.032,30,65.5
2016-10-17,0.03,28,63
2016-10-18,0.051,47,66
2016-10-19,0.062,74,72.5
2016-10-20,0.059,64,78.5
2016-10-21,0.062,74,76
2016-10-22,0.059,64,72.5
2016-10-23,0.046,43,69.5
2016-10-24,0.04,37,71.5
2016-10-25,0.044,41,69
2016-10-26,0.051,47,66
2016-10-27,0.042,39,66.5
2016-10-28,0.047,44,65
2016-10-29,0.034,31,72.5
2016-10-30,0.033,31,68
2016-10-31,0.041,38,61.5
2016-11-01,0.045,42,55.5
2016-11-02,0.049,45,60
2016-11-03,0.048,44,67
2016-11-04,0.058,61,66.5
2016-11-05,0.069,97,68.5
2016-11-06,0.059,64,65.5
2016-11-07,0.055,51,67.5
2016-11-08,0.052,48,74.5
2016-11-09,0.05,46,78
2016-11-10,0.05,46,74
2016-11-11,0.055,51,71.5
2016-11-12,0.057,58,69.5
2016-11-13,0.053,49,73
2016-11-14,0.06,67,70.5
2016-11-15,0.063,77,70.5
2016-11-16,0.047,44,64
2016-11-17,0.047,44,58
2016-11-18,0.045,42,61.5
2016-11-19,0.044,41,61.5
2016-11-20,0.043,40,58.5
2016-11-21,0.04,37,54
2016-11-22,0.041,38,52
2016-11-23,0.045,42,56
2016-11-24,0.051,47,60
2016-11-25,0.047,44,59
2016-11-26,0.048,44,54
2016-11-27,0.041,38,48.5
2016-11-28,0.04,37,47.5
2016-11-29,0.04,37,51
2016-11-30,0.038,35,50.5
2016-12-01,0.045,42,49.5
2016-12-03,0.047,44,50.5
2016-12-04,0.047,44,56
2016-12-05,0.04,37,52.5
2016-12-06,0.04,37,52
2016-12-07,0.042,39,53.5
2016-12-08,0.047,44,53
2016-12-09,0.042,39,52
2016-12-10,0.039,36,52
2016-12-11,0.031,29,55.5
2016-12-12,0.038,35,56
2016-12-14,0.035,32,60
2016-12-15,0.029,27,60
2016-12-16,0.041,38,53
2016-12-17,0.044,41,43.5
2016-12-18,0.049,45,45
2016-12-19,0.049,45,54
2016-12-20,0.038,35,60
2016-12-21,0.031,29,63
2016-12-22,0.031,29,56
2016-12-23,0.043,40,54.5
2016-12-24,0.043,40,48
2016-12-25,0.041,38,44
2016-12-26,0.042,39,48
2016-12-27,0.039,36,51
2016-12-28,0.041,38,60
2016-12-29,0.041,38,63.5
2016-12-30,0.031,29,58.5
2017-01-01,0.041,38,46
2017-01-02,0.04,37,54
2017-01-03,0.035,32,52
2017-01-04,0.037,34,49.5
2017-01-05,0.036,33,50
2017-01-06,0.043,40,51
2017-01-07,0.038,35,56
2017-01-08,0.035,32,64
2017-01-09,0.031,29,54
2017-01-10,0.041,38,51
2017-01-11,0.037,34,51
2017-01-12,0.038,35,50
2017-01-13,0.036,33,51.5
2017-01-14,0.038,35,53.5
2017-01-15,0.039,36,55
2017-01-16,0.035,32,51
2017-01-17,0.044,41,51.5
2017-01-18,0.044,41,48.5
2017-01-19,0.044,41,51
2017-01-20,0.047,44,48
2017-01-21,0.043,40,48.5
2017-01-22,0.044,41,48.5
2017-01-23,0.046,43,46
2017-01-24,0.043,40,46
2017-01-25,0.044,41,43.5
2017-01-26,0.045,42,48
2017-01-27,0.047,44,47.5
2017-01-28,0.051,47,54.5
2017-01-29,0.049,45,57.5
2017-01-30,0.047,44,60
2017-01-31,0.052,48,59.5
2017-02-01,0.048,44,57.5
2017-02-02,0.048,44,54.5
2017-02-03,0.04,37,55
2017-02-04,0.043,40,56
2017-02-05,0.039,36,48
2017-02-06,0.034,31,50.5
2017-02-07,0.03,28,56
2017-02-08,0.027,25,59
2017-02-09,0.033,31,65
2017-02-10,0.03,28,60
2017-02-11,0.039,36,53
2017-02-12,0.039,36,57
2017-02-13,0.042,39,58.5
2017-02-14,0.041,38,61
2017-02-15,0.045,42,60.5
2017-02-16,0.048,44,62
2017-02-17,0.056,54,55.5
2017-02-18,0.051,47,53.5
2017-02-19,0.045,42,50
2017-02-20,0.04,37,57.5
2017-02-21,0.044,41,60
2017-02-22,0.045,42,50.5
2017-02-23,0.05,46,48.5
2017-02-24,0.052,48,47
2017-02-25,0.054,50,49
2017-02-26,0.045,42,48
2017-02-27,0.047,44,49
2017-02-28,0.05,46,50.5
2017-03-01,0.051,47,57.5
2017-03-02,0.052,48,59
2017-03-03,0.053,49,60
2017-03-04,0.054,50,57
2017-03-05,0.047,44,49.5
2017-03-06,0.048,44,49
2017-03-07,0.05,46,56.5
2017-03-08,0.05,46,64.5
2017-03-09,0.068,93,68
2017-03-10,0.058,61,68
2017-03-11,0.075,115,65.5
2017-03-12,0.061,71,69.5
2017-03-13,0.058,61,72
2017-03-14,0.056,54,72
2017-03-15,0.066,87,72
2017-03-16,0.058,61,67.5
2017-03-17,0.055,51,69
2017-03-18,0.056,54,66
2017-03-19,0.057,58,67.5
2017-03-20,0.041,38,59.5
2017-03-21,0.035,32,58
2017-03-22,0.042,39,58
2017-03-23,0.048,44,54
2017-03-24,0.055,51,56
2017-03-25,0.052,48,53
2017-03-26,0.049,45,57.5
2017-03-27,0.047,44,55.5
2017-03-28,0.058,61,57
2017-03-29,0.063,77,63.5
2017-03-30,0.061,71,61
2017-03-31,0.051,47,56.5
2017-04-01,0.059,64,57.5
2017-04-02,0.059,64,63
2017-04-03,0.05,46,56.5
2017-04-04,0.052,48,59.5
2017-04-05,0.069,97,68.5
2017-04-06,0.066,87,66.5
2017-04-07,0.07,100,59.5
2017-04-08,0.052,48,59
2017-04-09,0.058,61,58
2017-04-10,0.072,105,60.5
2017-04-11,0.071,101,61.5
2017-04-12,0.063,77,60
2017-04-13,0.046,43,59.5
2017-04-14,0.06,67,56.5
2017-04-15,0.071,101,61
2017-04-16,0.072,105,66
2017-04-17,0.056,54,62
2017-04-18,0.033,31,64
2017-04-19,0.049,45,65.5
2017-04-20,0.068,93,63
2017-04-21,0.083,143,71
2017-04-22,0.09,161,74
2017-04-23,0.06,67,65.5
2017-04-24,0.057,58,61
2017-04-25,0.055,51,60
2017-04-26,0.068,93,62
2017-04-27,0.053,49,61.5
2017-04-28,0.07,100,62.5
2017-04-29,0.069,97,67.5
2017-04-30,0.068,93,70.5
2017-05-01,0.075,115,68
2017-05-02,0.086,151,70
2017-05-03,0.081,136,71
2017-05-04,0.071,101,71
2017-05-05,0.046,43,63
2017-05-06,0.045,42,51.5
2017-05-07,0.043,40,46
2017-05-08,0.054,50,56
2017-05-09,0.041,38,57
2017-05-10,0.04,37,56
2017-05-11,0.054,50,64.5
2017-05-12,0.053,49,63
2017-05-13,0.059,64,61.5
2017-05-14,0.053,49,58
2017-05-16,0.048,44,53
2017-05-17,0.046,43,58
2017-05-18,0.056,54,61
2017-05-19,0.059,64,69.5
2017-05-20,0.066,87,74.5
2017-05-21,0.076,119,74
2017-05-22,0.071,101,74
2017-05-23,0.076,119,74
2017-05-24,0.064,80,69
2017-05-25,0.054,50,62
2017-05-26,0.051,47,62.5
2017-05-27,0.048,44,63.5
2017-05-28,0.053,49,64
2017-05-29,0.059,64,64.5
2017-05-30,0.058,61,64
2017-05-31,0.05,46,62.5
2017-06-01,0.05,46,64
2017-06-02,0.071,101,70.5
2017-06-03,0.083,143,67.5
2017-06-04,0.065,84,68
2017-06-05,0.055,51,66.5
2017-06-06,0.044,41,63.5
2017-06-07,0.049,45,66.5
2017-06-08,0.062,74,67.5
2017-06-09,0.051,47,65.5
2017-06-10,0.038,35,66
2017-06-11,0.041,38,61
2017-06-12,0.049,45,61
2017-06-13,0.062,74,65.5
2017-06-14,0.077,122,70.5
2017-06-15,0.084,147,73.5
2017-06-16,0.086,151,77.5
2017-06-17,0.08,133,76.5
2017-06-18,0.075,115,76
2017-06-19,0.076,119,78
2017-06-20,0.081,136,84.5
2017-06-21,0.079,129,83
2017-06-22,0.064,80,74.5
2017-06-23,0.06,67,71.5
2017-06-24,0.066,87,75.5
2017-06-25,0.082,140,83
2017-06-26,0.072,105,86
2017-06-27,0.056,54,82.5
2017-06-28,0.052,48,73
2017-06-29,0.06,67,67.5
2017-06-30,0.065,84,70
2017-07-01,0.066,87,68
2017-07-02,0.063,77,68
2017-07-03,0.072,105,73
2017-07-04,0.07,100,75.5
2017-07-05,0.074,112,77
2017-07-06,0.084,147,82
2017-07-07,0.095,174,84
2017-07-08,0.09,161,86.5
2017-07-09,0.067,90,80
2017-07-10,0.068,93,81.5
2017-07-11,0.056,54,78.5
2017-07-12,0.051,47,77.5
2017-07-13,0.05,46,77.5
2017-07-14,0.057,58,76.5
2017-07-15,0.071,101,80
2017-07-16,0.06,67,77
2017-07-17,0.057,58,76
2017-07-18,0.057,58,76
2017-07-19,0.06,67,78.5
2017-07-20,0.063,77,78
2017-07-21,0.068,93,74.5
2017-07-22,0.069,97,74.5
2017-07-23,0.064,80,78
2017-07-24,0.049,45,74
2017-07-25,0.051,47,73.5
2017-07-26,0.06,67,75.5
2017-07-27,0.066,87,76.5
2017-07-28,0.062,74,73
2017-07-29,0.057,58,75.5
2017-07-30,0.053,49,74.5
2017-07-31,0.068,93,77.5
2017-08-01,0.05,46,81
2017-08-02,0.053,49,79.5
2017-08-03,0.071,101,82
2017-08-04,0.058,61,80
2017-08-05,0.053,49,76.5
2017-08-06,0.056,54,73.5
2017-08-07,0.059,64,76
2017-08-08,0.058,61,77.5
2017-08-09,0.061,71,77
2017-08-10,0.068,93,76.5
2017-08-11,0.07,100,78
2017-08-12,0.071,101,77
2017-08-13,0.069,97,73.5
2017-08-14,0.06,67,70.5
2017-08-15,0.032,30,67.5
2017-08-16,0.054,50,69.5
2017-08-17,0.059,64,70
2017-08-18,0.055,51,71
2017-08-19,0.06,67,71
2017-08-20,0.051,47,70.5
2017-08-21,0.053,49,71.5
2017-08-22,0.065,84,74.5
2017-08-23,0.056,54,70.5
2017-08-24,0.056,54,69
2017-08-25,0.074,112,72
2017-08-26,0.074,112,79
2017-08-27,0.069,97,82
2017-08-28,0.076,119,84
2017-08-29,0.072,105,91
2017-08-30,0.093,169,88
2017-08-31,0.085,150,90.5
2017-09-01,0.06,67,88.5
2017-09-02,0.047,44,90
2017-09-03,0.034,31,77
2017-09-04,0.045,42,71.5
2017-09-05,0.057,58,76
2017-09-06,0.057,58,78
2017-09-07,0.063,77,77.5
2017-09-08,0.054,50,73
2017-09-09,0.052,48,74.5
2017-09-10,0.061,71,78.5
2017-09-11,0.071,101,79.5
2017-09-12,0.066,87,77.5
2017-09-13,0.049,45,72.5
2017-09-14,0.042,39,66
2017-09-15,0.044,41,67.5
2017-09-16,0.049,45,66.5
2017-09-17,0.05,46,69.5
2017-09-18,0.06,67,70
2017-09-19,0.06,67,68
2017-09-20,0.054,50,66
2017-09-21,0.039,36,63.5
2017-09-22,0.046,43,62.5
2017-09-23,0.045,42,59
2017-09-24,0.053,49,65.5
2017-09-25,0.061,71,70
2017-09-26,0.069,97,70
2017-09-27,0.069,97,70.5
2017-09-28,0.068,93,74
2017-09-29,0.08,133,76.5
2017-09-30,0.07,100,72
2017-10-01,0.051,47,64.5
2017-10-02,0.055,51,65
2017-10-03,0.056,54,64
2017-10-04,0.062,74,64.5
2017-10-05,0.077,122,70.5
2017-10-06,0.076,119,76
2017-10-07,0.084,147,77
2017-10-08,0.066,87,68
2017-10-09,0.05,46,68
2017-10-10,0.056,54,70
2017-10-11,0.061,71,66
2017-10-12,0.059,64,63.5
2017-10-13,0.065,84,63.5
2017-10-14,0.07,100,69.5
2017-10-15,0.054,50,76.5
2017-10-16,0.059,64,79.5
2017-10-17,0.074,112,79.5
2017-10-18,0.059,64,75.5
2017-10-19,0.059,64,63.5
2017-10-20,0.036,33,60.5
2017-10-21,0.051,47,62.5
2017-10-22,0.057,58,71.5
2017-10-23,0.048,44,79.5
2017-10-24,0.044,41,83
2017-10-26,0.066,87,76.5
2017-10-27,0.074,112,73
2017-10-28,0.076,119,72
2017-10-29,0.061,71,63
2017-10-30,0.039,36,60
2017-10-31,0.036,33,58.5
2017-11-01,0.041,38,60.5
2017-11-02,0.045,42,61
2017-11-03,0.046,43,58
2017-11-04,0.047,44,57
2017-11-05,0.033,31,57.5
2017-11-06,0.034,31,59.5
2017-11-07,0.026,24,63
2017-11-08,0.031,29,62.5
2017-11-10,0.042,39,57
2017-11-11,0.049,45,56.5
2017-11-12,0.045,42,59.5
2017-11-13,0.046,43,63
2017-11-15,0.047,44,67.5
2017-11-16,0.038,35,68.5
2017-11-17,0.033,31,63
2017-11-18,0.045,42,61.5
2017-11-19,0.051,47,62
2017-11-20,0.056,54,61
2017-11-21,0.052,48,69
2017-11-22,0.035,32,73.5
2017-11-23,0.045,42,76.5
2017-11-24,0.055,51,71.5
2017-11-25,0.052,48,72.5
2017-11-26,0.043,40,67.5
2017-11-27,0.042,39,54
2017-11-28,0.044,41,56
2017-11-29,0.038,35,61
2017-11-30,0.037,34,59.5
2017-12-01,0.044,41,63.5
2017-12-02,0.057,58,63.5
2017-12-03,0.05,46,56.5
2017-12-04,0.046,43,53.5
2017-12-05,0.046,43,53.5
2017-12-06,0.046,43,56
2017-12-08,0.044,41,60
2017-12-09,0.046,43,62
2017-12-10,0.045,42,71
2017-12-11,0.045,42,66
2017-12-12,0.044,41,61
2017-12-13,0.045,42,62
2017-12-14,0.049,45,59.5
2017-12-15,0.05,46,64.5
2017-12-16,0.049,45,55
2017-12-17,0.045,42,56
2017-12-18,0.048,44,56
2017-12-19,0.048,44,54.5
2017-12-20,0.048,44,51.5
2017-12-22,0.045,42,48.5
2017-12-23,0.046,43,53.5
2017-12-24,0.047,44,58.5
2017-12-25,0.053,49,57.5
2017-12-26,0.047,44,56
2017-12-27,0.048,44,61.5
2017-12-28,0.047,44,65.5
2017-12-29,0.045,42,67.5
2017-12-30,0.059,64,63.5
2018-01-01,0.049,45,58.5
2018-01-02,0.048,44,64
2018-01-03,0.037,34,62.5
2018-01-04,0.048,44,61.5
2018-01-05,0.038,35,61.5
2018-01-06,0.036,33,64.5
2018-01-07,0.037,34,61.5
2018-01-08,0.029,27,65.5
2018-01-09,0.044,41,54
2018-01-10,0.038,35,52.5
2018-01-11,0.038,35,56
2018-01-12,0.046,43,60
2018-01-13,0.048,44,68
2018-01-14,0.049,45,66
2018-01-15,0.047,44,60.5
2018-01-16,0.046,43,60.5
2018-01-17,0.05,46,63.5
2018-01-18,0.048,44,63
2018-01-19,0.045,42,52.5
2018-01-20,0.043,40,49
2018-01-21,0.043,40,46.5
2018-01-22,0.042,39,50.5
2018-01-23,0.045,42,54.5
2018-01-24,0.044,41,56.5
2018-01-26,0.046,43,50.5
2018-01-27,0.048,44,54.5
2018-01-29,0.043,40,68
2018-01-30,0.042,39,67.5
2018-01-31,0.051,47,64
2018-02-01,0.059,64,64.5
2018-02-02,0.054,50,67
2018-02-03,0.062,74,64.5
2018-02-04,0.062,74,65.5
2018-02-05,0.065,84,62.5
2018-02-06,0.053,49,60
2018-02-07,0.051,47,66
2018-02-08,0.055,51,63
2018-02-09,0.059,64,64
2018-02-10,0.051,47,52
2018-02-11,0.047,44,56
2018-02-12,0.043,40,51
2018-02-13,0.046,43,51
2018-02-14,0.044,41,55.5
2018-02-15,0.049,45,57
2018-02-16,0.052,48,59
2018-02-17,0.057,58,60
2018-02-18,0.048,44,59
2018-02-19,0.046,43,48.5
2018-02-20,0.047,44,42.5
2018-02-21,0.045,42,40
2018-02-22,0.045,42,42.5
2018-02-23,0.049,45,43.5
2018-02-24,0.052,48,44.5
2018-02-25,0.05,46,47.5
2018-02-26,0.058,61,51
2018-02-27,0.045,42,47
2018-02-28,0.048,44,43.5
2018-03-01,0.051,47,53
2018-03-02,0.041,38,48.5
2018-03-03,0.043,40,52
2018-03-04,0.048,44,48
2018-03-05,0.055,51,58
2018-03-06,0.053,49,56.5
2018-03-07,0.052,48,60
2018-03-08,0.061,71,59
2018-03-09,0.049,45,58.5
2018-03-10,0.029,27,52
2018-03-11,0.037,34,61
2018-03-12,0.04,37,61
2018-03-13,0.039,36,60
2018-03-14,0.042,39,58
2018-03-15,0.048,44,53.5
2018-03-16,0.046,43,49
2018-03-17,0.044,41,48.5
2018-03-18,0.048,44,48
2018-03-19,0.051,47,56
2018-03-20,0.056,54,56
2018-03-21,0.05,46,61
2018-03-22,0.035,32,65
2018-03-23,0.049,45,59.5
2018-03-24,0.051,47,55.5
2018-03-25,0.053,49,51.5
2018-03-26,0.053,49,50.5
2018-03-27,0.056,54,52.5
2018-03-28,0.056,54,59
2018-03-29,0.062,74,64
2018-03-30,0.06,67,67.5
2018-03-31,0.056,54,65
2018-04-01,0.055,51,60.5
2018-04-02,0.048,44,57.5
2018-04-03,0.054,50,62.5
2018-04-04,0.056,54,60.5
2018-04-05,0.057,58,60
2018-04-06,0.054,50,60
2018-04-07,0.029,27,63
2018-04-08,0.048,44,65.5
2018-04-09,0.059,64,71
2018-04-10,0.067,90,76
2018-04-11,0.058,61,68
2018-04-12,0.06,67,57.5
2018-04-13,0.06,67,59
2018-04-14,0.063,77,66
2018-04-15,0.07,100,65
2018-04-16,0.053,49,56.5
2018-04-17,0.059,64,55.5
2018-04-18,0.061,71,57
2018-04-19,0.052,48,52
2018-04-20,0.058,61,56.5
2018-04-21,0.063,77,65.5
2018-04-22,0.067,90,69
2018-04-23,0.063,77,67.5
2018-04-24,0.059,64,65
2018-04-25,0.061,71,63.5
2018-04-26,0.06,67,61.5
2018-04-27,0.058,61,62
2018-04-28,0.06,67,57.5
2018-04-29,0.054,50,57.5
2018-04-30,0.047,44,57
2018-05-01,0.057,58,51
2018-05-02,0.046,43,49.5
2018-05-03,0.057,58,60
2018-05-04,0.065,84,72
2018-05-05,0.076,119,75
2018-05-06,0.07,100,72
2018-05-07,0.064,80,68.5
2018-05-08,0.067,90,68
2018-05-09,0.069,97,68
2018-05-10,0.057,58,70
2018-05-11,0.046,43,58.5
2018-05-12,0.052,48,55
2018-05-13,0.053,49,61
2018-05-14,0.054,50,58.5
2018-05-15,0.053,49,64
2018-05-16,0.053,49,63.5
2018-05-17,0.046,43,61
2018-05-18,0.049,45,60
2018-05-19,0.051,47,62.5
2018-05-20,0.05,46,64
2018-05-21,0.043,40,59.5
2018-05-22,0.05,46,60.5
2018-05-23,0.054,50,62.5
2018-05-24,0.041,38,59
2018-05-25,0.047,44,61
2018-05-26,0.04,37,58.5
2018-05-27,0.05,46,64
2018-05-28,0.049,45,65
2018-05-29,0.056,54,66.5
2018-05-30,0.05,46,65
2018-05-31,0.049,45,63.5
2018-06-01,0.065,84,66
2018-06-02,0.069,97,68.5
2018-06-03,0.063,77,71.5
2018-06-04,0.064,80,69.5
2018-06-05,0.055,51,67.5
2018-06-06,0.061,71,66.5
2018-06-07,0.063,77,67
2018-06-08,0.073,108,71
2018-06-09,0.074,112,72.5
2018-06-10,0.052,48,70
2018-06-11,0.071,101,71
2018-06-12,0.072,105,73.5
2018-06-13,0.062,74,73
2018-06-14,0.063,77,77.5
2018-06-15,0.06,67,73.5
2018-06-16,0.039,36,61.5
2018-06-17,0.044,41,62.5
2018-06-18,0.048,44,64.5
2018-06-19,0.06,67,66.5
2018-06-20,0.068,93,70
2018-06-21,0.08,133,72
2018-06-22,0.08,133,73.5
2018-06-23,0.056,54,68
2018-06-24,0.055,51,70
2018-06-25,0.062,74,69
2018-06-26,0.067,90,72.5
2018-06-27,0.069,97,71.5
2018-06-28,0.059,64,69
2018-06-29,0.049,45,67
2018-06-30,0.052,48,68
2018-07-01,0.053,49,68.5
2018-07-02,0.062,74,69
2018-07-03,0.063,77,71.5
2018-07-04,0.062,74,73.5
2018-07-05,0.071,101,77.5
2018-07-06,0.072,105,89
2018-07-07,0.073,108,92.5
2018-07-08,0.066,87,85
2018-07-09,0.061,71,82.5
2018-07-10,0.038,35,77
2018-07-11,0.06,67,77.5
2018-07-12,0.057,58,78
2018-07-13,0.052,48,78.5
2018-07-14,0.053,49,78.5
2018-07-15,0.052,48,78.5
2018-07-16,0.056,54,77.5
2018-07-17,0.057,58,77
2018-07-18,0.06,67,76.5
2018-07-19,0.054,50,76.5
2018-07-20,0.049,45,74
2018-07-21,0.05,46,77
2018-07-22,0.051,47,78.5
2018-07-23,0.065,84,84.5
2018-07-24,0.082,140,86
2018-07-25,0.082,140,85
2018-07-26,0.076,119,82.5
2018-07-27,0.073,108,84.5
2018-07-28,0.066,87,77.5
2018-07-29,0.048,44,81.5
2018-07-30,0.054,50,83
2018-07-31,0.062,74,83
2018-08-01,0.056,54,83.5
2018-08-02,0.053,49,81.5
2018-08-03,0.059,64,82
2018-08-04,0.063,77,82
2018-08-05,0.064,80,81
2018-08-06,0.077,122,81.5
2018-08-07,0.075,115,86
2018-08-08,0.051,47,83
2018-08-09,0.066,87,84
2018-08-10,0.044,41,82
2018-08-11,0.043,40,80
2018-08-12,0.034,31,78
2018-08-13,0.049,45,76.5
2018-08-14,0.046,43,76
2018-08-15,0.05,46,74.5
2018-08-16,0.056,54,75.5
2018-08-17,0.062,74,77.5
2018-08-18,0.055,51,78
2018-08-19,0.061,71,77
2018-08-20,0.065,84,76.5
2018-08-21,0.066,87,76
2018-08-22,0.062,74,75
2018-08-23,0.062,74,75.5
2018-08-24,0.067,90,74
2018-08-25,0.065,84,73.5
2018-08-26,0.058,61,74
2018-08-27,0.068,93,73.5
2018-08-28,0.059,64,72
2018-08-29,0.043,40,75.5
2018-08-30,0.059,64,77
2018-08-31,0.07,100,72.5
2018-09-01,0.062,74,67.5
2018-09-02,0.052,48,70
2018-09-03,0.051,47,72.5
2018-09-04,0.05,46,68
2018-09-05,0.057,58,73
2018-09-06,0.063,77,71.5
2018-09-07,0.072,105,75
2018-09-08,0.068,93,84.5
2018-09-09,0.064,80,83
2018-09-10,0.064,80,76
2018-09-11,0.066,87,70.5
2018-09-12,0.068,93,72.5
2018-09-13,0.064,80,74.5
2018-09-14,0.06,67,78
2018-09-15,0.059,64,76
2018-09-16,0.055,51,76.5
2018-09-17,0.053,49,76
2018-09-18,0.063,77,73.5
2018-09-20,0.065,84,71
2018-09-21,0.069,97,73
2018-09-22,0.073,108,77
2018-09-23,0.059,64,73
2018-09-24,0.05,46,67.5
2018-09-25,0.056,54,69
2018-09-27,0.067,90,78
2018-09-28,0.07,100,73.5
2018-09-29,0.042,39,72.5
2018-09-30,0.039,36,76
2018-10-01,0.034,31,76.5
2018-10-02,0.035,32,73.5
2018-10-03,0.034,31,69
2018-10-04,0.033,31,67.5
2018-10-05,0.041,38,67
2018-10-06,0.042,39,62
2018-10-07,0.046,43,65
2018-10-08,0.052,48,63
2018-10-09,0.048,44,64
2018-10-10,0.047,44,59.5
2018-10-12,0.045,42,66
2018-10-13,0.033,31,58.5
2018-10-14,0.043,40,61.5
2018-10-15,0.049,45,63.5
2018-10-16,0.05,46,61
2018-10-17,0.045,42,62
2018-10-18,0.048,44,67
2018-10-19,0.051,47,70.5
2018-10-20,0.055,51,69
2018-10-21,0.066,87,67.5
2018-10-22,0.051,47,62.5
2018-10-23,0.058,61,63.5
2018-10-24,0.064,80,66.5
2018-10-25,0.065,84,67.5
2018-10-26,0.065,84,74
2018-10-27,0.071,101,74.5
2018-10-28,0.072,105,72
2018-10-29,0.062,74,70
2018-10-30,0.049,45,63
2018-10-31,0.053,49,64
2018-11-01,0.055,51,65.5
2018-11-02,0.048,44,71.5
2018-11-03,0.063,77,70.5
2018-11-04,0.06,67,69.5
2018-11-05,0.057,58,64.5
2018-11-06,0.047,44,62
2018-11-07,0.055,51,62.5
2018-11-08,0.058,61,64
2018-11-09,0.052,48,65.5
2018-11-10,0.056,54,63.5
2018-11-11,0.06,67,59.5
2018-11-12,0.044,41,57.5
2018-11-13,0.047,44,58.5
2018-11-14,0.043,40,66
2018-11-15,0.042,39,59
2018-11-16,0.05,46,58.5
2018-11-17,0.055,51,57.5
2018-11-18,0.053,49,59.5
2018-11-19,0.048,44,59.5
2018-11-20,0.052,48,57
2018-11-21,0.046,43,56.5
2018-11-22,0.039,36,58.5
2018-11-23,0.042,39,54
2018-11-24,0.039,36,58
2018-11-25,0.042,39,58.5
2018-11-26,0.045,42,60.5
2018-11-27,0.046,43,59.5
2018-11-28,0.041,38,54.5
2018-11-29,0.038,35,53.5
2018-12-01,0.039,36,51.5
2018-12-02,0.044,41,49.5
2018-12-03,0.044,41,50
2018-12-04,0.04,37,56
2018-12-05,0.041,38,49.5
2018-12-06,0.039,36,56
2018-12-07,0.039,36,55
2018-12-08,0.04,37,55
2018-12-09,0.04,37,58
2018-12-10,0.031,29,56.5
2018-12-11,0.038,35,54.5
2018-12-12,0.044,41,51
2018-12-13,0.044,41,58.5
2018-12-14,0.039,36,58
2018-12-15,0.041,38,59.5
2018-12-16,0.043,40,58.5
2018-12-17,0.041,38,51
2018-12-18,0.042,39,53
2018-12-19,0.046,43,59
2018-12-20,0.041,38,62
2018-12-21,0.044,41,57.5
2018-12-22,0.042,39,57.5
2018-12-23,0.043,40,55
2018-12-24,0.048,44,57
2018-12-25,0.04,37,49.5
2018-12-26,0.039,36,49
2018-12-27,0.037,34,47.5
2018-12-28,0.041,38,43
2018-12-29,0.041,38,44.5
2018-12-30,0.042,39,47.5
2019-01-01,0.038,35,45
2019-01-02,0.042,39,42
2019-01-03,0.043,40,45
2019-01-04,0.038,35,51.5
2019-01-05,0.037,34,48
2019-01-06,0.043,40,50
2019-01-07,0.04,37,49
2019-01-08,0.041,38,56.5
2019-01-09,0.039,36,56.5
2019-01-10,0.039,36,51
2019-01-11,0.037,34,51
2019-01-12,0.041,38,51
2019-01-13,0.041,38,47.5
2019-01-14,0.04,37,51
2019-01-15,0.041,38,51.5
2019-01-16,0.039,36,57.5
2019-01-17,0.035,32,53.5
2019-01-18,0.037,34,55
2019-01-19,0.041,38,58
2019-01-20,0.034,31,59
2019-01-21,0.044,41,50.5
2019-01-22,0.043,40,49.5
2019-01-23,0.041,38,51
2019-01-24,0.045,42,58
2019-01-25,0.048,44,57.5
2019-01-26,0.048,44,61.5
2019-01-27,0.05,46,59
2019-01-28,0.048,44,61
2019-01-29,0.044,41,60
2019-01-30,0.043,40,56
2019-01-31,0.035,32,54
2019-02-01,0.036,33,51
2019-02-02,0.043,40,55.5
2019-02-03,0.044,41,51
2019-02-04,0.042,39,49.5
2019-02-05,0.045,42,46
2019-02-06,0.042,39,42
2019-02-07,0.046,43,45
2019-02-08,0.047,44,47
2019-02-09,0.044,41,46.5
2019-02-10,0.045,42,45
2019-02-11,0.05,46,45.5
2019-02-12,0.043,40,52.5
2019-02-13,0.043,40,56
2019-02-14,0.044,41,56
2019-02-15,0.046,43,51
2019-02-16,0.046,43,47.5
2019-02-17,0.046,43,47.5
2019-02-18,0.045,42,43
2019-02-19,0.044,41,42
2019-02-22,0.044,41,49
2019-02-23,0.051,47,51.5
2019-02-24,0.054,50,52
2019-02-25,0.061,71,52.5
2019-03-02,0.036,33,48.5
2019-03-03,0.04,37,54
2019-03-05,0.043,40,55.5
2019-03-06,0.041,38,59
2019-03-07,0.043,40,55
2019-03-08,0.048,44,49
2019-03-09,0.044,41,45.5
2019-03-10,0.046,43,46.5
2019-03-11,0.036,33,46.5
2019-03-12,0.049,45,52
2019-03-13,0.052,48,52.5
2019-03-14,0.052,48,54
2019-03-15,0.051,47,56
2019-03-16,0.054,50,59
2019-03-17,0.062,74,63
2019-03-18,0.061,71,62
2019-03-19,0.057,58,59
2019-03-20,0.046,43,54
2019-03-21,0.049,45,51.5
2019-03-22,0.052,48,51
2019-03-23,0.051,47,53.5
2019-03-24,0.046,43,56
2019-03-25,0.059,64,58
2019-03-26,0.06,67,58
2019-03-27,0.055,51,56.5
2019-03-28,0.047,44,56.5
2019-03-29,0.054,50,54.5
2019-03-30,0.063,77,60.5
2019-03-31,0.066,87,67
2019-04-01,0.064,80,69
2019-04-02,0.058,61,58.5
2019-04-03,0.041,38,57.5
2019-04-04,0.042,39,56
2019-04-05,0.036,33,53.5
2019-04-06,0.043,40,59.5
2019-04-07,0.054,50,63.5
2019-04-08,0.068,93,72
2019-04-09,0.044,41,63.5
2019-04-10,0.059,64,57
2019-04-11,0.059,64,57.5
2019-04-12,0.057,58,57.5
2019-04-13,0.063,77,61.5
2019-04-14,0.065,84,63
2019-04-15,0.059,64,59.5
2019-04-16,0.049,45,54
2019-04-17,0.052,48,62.5
2019-04-18,0.065,84,67
2019-04-19,0.066,87,68.5
2019-04-20,0.054,50,60
2019-04-21,0.055,51,59
2019-04-22,0.061,71,60
2019-04-24,0.071,101,68.5
2019-04-26,0.053,49,64
2019-04-27,0.051,47,64
2019-04-28,0.048,44,63.5
2019-04-29,0.039,36,55.5
2019-04-30,0.038,35,54
2019-05-02,0.059,64,59
2019-05-03,0.066,87,61
2019-05-04,0.066,87,61.5
2019-05-05,0.058,61,58.5
2019-05-06,0.038,35,57.5
2019-05-07,0.038,35,54.5
2019-05-08,0.038,35,55
2019-05-09,0.036,33,55.5
2019-05-10,0.032,30,55.5
2019-05-11,0.037,34,61
2019-05-12,0.053,49,64
2019-05-13,0.052,48,65
2019-05-14,0.06,67,66.5
2019-05-15,0.053,49,61
2019-05-16,0.048,44,56
2019-05-17,0.05,46,57
2019-05-18,0.058,61,57.5
2019-05-19,0.046,43,59
2019-05-20,0.049,45,53
2019-05-21,0.044,41,53.5
2019-05-22,0.044,41,52.5
2019-05-23,0.038,35,51.5
2019-05-24,0.051,47,57.5
2019-05-25,0.047,44,56
2019-05-26,0.045,42,52.5
2019-05-27,0.042,39,53.5
2019-05-28,0.049,45,56.5
2019-05-29,0.056,54,63
2019-05-30,0.058,61,70.5
2019-05-31,0.053,49,65.5
2019-06-01,0.05,46,63.5
2019-06-02,0.05,46,60.5
2019-06-03,0.049,45,64
2019-06-04,0.053,49,67.5
2019-06-05,0.069,97,69.5
2019-06-06,0.057,58,67
2019-06-07,0.053,49,67
2019-06-08,0.059,64,68
2019-06-09,0.056,54,74.5
2019-06-10,0.065,84,82
2019-06-11,0.074,112,83.5
2019-06-12,0.071,101,77
2019-06-13,0.059,64,69.5
2019-06-14,0.054,50,66
2019-06-15,0.05,46,68
2019-06-16,0.05,46,67
2019-06-17,0.036,33,65
2019-06-18,0.05,46,66.5
2019-06-19,0.058,61,67.5
2019-06-20,0.046,43,66.5
2019-06-21,0.038,35,65
2019-06-22,0.042,39,65.5
2019-06-23,0.048,44,68.5
2019-06-24,0.058,61,66
2019-06-25,0.054,50,67.5
2019-06-26,0.058,61,67
2019-06-27,0.063,77,66.5
2019-06-28,0.07,100,65.5
2019-06-29,0.058,61,71.5
2019-06-30,0.061,71,77.5
2019-07-01,0.065,84,75
2019-07-02,0.06,67,71.5
2019-07-03,0.052,48,67
2019-07-04,0.056,54,68.5
2019-07-05,0.06,67,66.5
2019-07-06,0.066,87,68.5
2019-07-07,0.05,46,69.5
2019-07-08,0.053,49,68
2019-07-09,0.059,64,70
2019-07-10,0.06,67,68
2019-07-11,0.065,84,74.5
2019-07-12,0.072,105,77.5
2019-07-13,0.076,119,79
2019-07-14,0.065,84,77.5
2019-07-15,0.079,129,80.5
2019-07-16,0.055,51,80
2019-07-17,0.053,49,72
2019-07-18,0.055,51,71.5
2019-07-19,0.049,45,70.5
2019-07-20,0.053,49,67.5
2019-07-21,0.049,45,74.5
2019-07-22,0.061,71,76
2019-07-23,0.07,100,83.5
2019-07-24,0.072,105,83
2019-07-25,0.063,77,84
2019-07-26,0.065,84,82
2019-07-27,0.072,105,81
2019-07-28,0.065,84,79.5
2019-07-29,0.071,101,79
2019-07-30,0.068,93,73.5
2019-07-31,0.068,93,74
2019-08-01,0.066,87,76.5
2019-08-02,0.074,112,79
2019-08-03,0.067,90,79
2019-08-04,0.068,93,80
2019-08-05,0.066,87,80
2019-08-06,0.069,97,79
2019-08-07,0.065,84,76.5
2019-08-08,0.062,74,74
2019-08-09,0.063,77,75.5
2019-08-10,0.055,51,72
2019-08-11,0.048,44,69
2019-08-12,0.06,67,70
2019-08-13,0.075,115,76.5
2019-08-14,0.068,93,82.5
2019-08-15,0.071,101,80.5
2019-08-16,0.068,93,75.5
2019-08-17,0.061,71,71
2019-08-18,0.051,47,71.5
2019-08-19,0.055,51,72.5
2019-08-20,0.062,74,76
2019-08-21,0.073,108,78.5
2019-08-22,0.067,90,75
2019-08-23,0.068,93,69.5
2019-08-24,0.058,61,76
2019-08-25,0.054,50,80
2019-08-26,0.06,67,79.5
2019-08-27,0.064,80,79
2019-08-28,0.06,67,74.5
2019-08-29,0.061,71,78.5
2019-08-30,0.065,84,79.5
2019-08-31,0.056,54,80.5
2019-09-01,0.064,80,80
2019-09-02,0.049,45,81
2019-09-03,0.051,47,82.5
2019-09-04,0.059,64,84
2019-09-06,0.052,48,81
2019-09-07,0.053,49,79.5
2019-09-08,0.048,44,68.5
2019-09-09,0.055,51,67.5
2019-09-12,0.066,87,73.5
2019-09-13,0.065,84,80.5
2019-09-14,0.084,147,80.5
2019-09-15,0.064,80,82
2019-09-16,0.052,48,76
2019-09-18,0.056,54,67.5
2019-09-19,0.047,44,64.5
2019-09-20,0.059,64,64.5
2019-09-21,0.063,77,70
2019-09-22,0.057,58,76.5
2019-09-23,0.053,49,71
2019-09-24,0.059,64,73
2019-09-25,0.058,61,73
2019-09-26,0.028,26,65
2019-09-27,0.035,32,64.5
2019-09-28,0.032,30,62.5
2019-09-29,0.043,40,60.5
2019-10-01,0.051,47,59
2019-10-02,0.066,87,62.5
2019-10-03,0.068,93,65
2019-10-04,0.064,80,63.5
2019-10-05,0.076,119,68
2019-10-06,0.065,84,74
2019-10-07,0.07,100,76.5
2019-10-08,0.065,84,70.5
2019-10-09,0.051,47,66
2019-10-10,0.056,54,65
2019-10-11,0.052,48,71
2019-10-12,0.059,64,67
2019-10-13,0.056,54,62
2019-10-14,0.053,49,61.5
2019-10-15,0.055,51,66.5
2019-10-16,0.058,61,75
2019-10-17,0.057,58,66
2019-10-18,0.054,50,63
2019-10-19,0.063,77,65
2019-10-20,0.066,87,65
2019-10-21,0.054,50,72
2019-10-22,0.063,77,72
2019-10-23,0.072,105,75.5
2019-10-24,0.05,46,76
2019-10-26,0.064,80,73
2019-10-27,0.052,48,60.5
2019-10-28,0.046,43,59.5
2019-10-31,0.049,45,58
2019-11-01,0.051,47,63
2019-11-02,0.056,54,66
2019-11-03,0.067,90,65
2019-11-04,0.07,100,65.5
2019-11-05,0.064,80,67
2019-11-06,0.063,77,62.5
2019-11-07,0.056,54,66
2019-11-08,0.043,40,72
2019-11-09,0.049,45,71.5
2019-11-10,0.063,77,65
2019-11-11,0.058,61,65.5
2019-11-13,0.059,64,66
2019-11-14,0.052,48,64.5
2019-11-15,0.045,42,60
2019-11-16,0.05,46,63.5
2019-11-17,0.048,44,70
2019-11-18,0.049,45,74.5
2019-11-19,0.039,36,68.5
2019-11-20,0.041,38,54
2019-11-21,0.039,36,52
2019-11-22,0.046,43,53.5
2019-11-23,0.047,44,56.5
2019-11-24,0.051,47,57
2019-11-25,0.052,48,54
2019-11-26,0.043,40,49.5
2019-11-27,0.045,42,52
2019-11-28,0.045,42,48.5
2019-11-29,0.041,38,44
2019-11-30,0.039,36,47
2019-12-01,0.041,38,51
2019-12-02,0.033,31,57.5
2019-12-03,0.025,23,57.5
2019-12-04,0.036,33,55.5
2019-12-05,0.039,36,53.5
2019-12-06,0.033,31,59
2019-12-07,0.019,18,56.5
2019-12-08,0.039,36,58
2019-12-09,0.038,35,51
2019-12-10,0.04,37,54
2019-12-11,0.038,35,53
2019-12-12,0.04,37,56.5
2019-12-13,0.047,44,57
2019-12-14,0.038,35,52.5
2019-12-15,0.044,41,53
2019-12-16,0.046,43,49.5
2019-12-17,0.048,44,51.5
2019-12-18,0.039,36,48
2019-12-19,0.045,42,48
2019-12-20,0.045,42,51.5
2019-12-21,0.042,39,55
2019-12-22,0.04,37,54
2019-12-23,0.039,36,50.5
2019-12-24,0.04,37,49
2019-12-25,0.042,39,46
2019-12-26,0.043,40,42
2019-12-27,0.038,35,43.5
2019-12-28,0.042,39,44.5
2019-12-29,0.042,39,46.5
2019-12-30,0.043,40,45
2020-01-01,0.044,41,51.5
2020-01-02,0.043,40,52
2020-01-03,0.042,39,53
2020-01-04,0.046,43,55.5
2020-01-05,0.048,44,54.5
2020-01-06,0.045,42,58
2020-01-07,0.039,36,60.5
2020-01-08,0.04,37,47.5
2020-01-09,0.038,35,49.5
2020-01-10,0.038,35,48.5
2020-01-11,0.043,40,47.5
2020-01-12,0.041,38,47.5
2020-01-13,0.043,40,47.5
2020-01-14,0.043,40,47
2020-01-15,0.04,37,49.5
2020-01-16,0.046,43,46
2020-01-17,0.041,38,47.5
2020-01-18,0.045,42,51.5
2020-01-19,0.044,41,57.5
2020-01-20,0.032,30,52.5
2020-01-21,0.036,33,50
2020-01-22,0.043,40,52.5
2020-01-24,0.037,34,56
2020-01-25,0.045,42,58
2020-01-26,0.04,37,50
2020-01-27,0.041,38,54
2020-01-28,0.046,43,60
2020-01-29,0.044,41,53
2020-01-30,0.043,40,54.5
2020-01-31,0.044,41,57
2020-02-01,0.044,41,63
2020-02-02,0.045,42,60.5
2020-02-03,0.042,39,52.5
2020-02-04,0.044,41,42.5
2020-02-05,0.042,39,42.5
2020-02-06,0.045,42,47.5
2020-02-07,0.054,50,51.5
2020-02-08,0.059,64,54.5
2020-02-09,0.041,38,46.5
2020-02-10,0.038,35,48
2020-02-11,0.047,44,51.5
2020-02-13,0.05,46,52
2020-02-14,0.051,47,52.5
2020-02-15,0.055,51,54
2020-02-16,0.058,61,55.5
2020-02-17,0.056,54,53.5
2020-02-18,0.048,44,53.5
2020-02-19,0.052,48,55
2020-02-20,0.051,47,59.5
2020-02-21,0.052,48,61.5
2020-02-22,0.041,38,52.5
2020-02-23,0.043,40,53.5
2020-02-24,0.045,42,55
2020-02-25,0.047,44,59
2020-02-26,0.044,41,61
2020-02-27,0.045,42,62
2020-02-28,0.045,42,66.5
2020-02-29,0.048,44,58
2020-03-01,0.048,44,51.5
2020-03-02,0.04,37,47
2020-03-03,0.05,46,56
2020-03-04,0.051,47,56.5
2020-03-05,0.05,46,61.5
2020-03-06,0.051,47,58.5
2020-03-07,0.046,43,55.5
2020-03-08,0.039,36,54.5
2020-03-09,0.038,35,56
2020-03-10,0.022,20,60
2020-03-11,0.034,31,60
2020-03-12,0.035,32,53
2020-03-13,0.037,34,46
2020-03-14,0.041,38,52
2020-03-15,0.039,36,51.5
2020-03-16,0.043,40,52
2020-03-17,0.049,45,51.5
2020-03-18,0.047,44,46
2020-03-19,0.043,40,49.5
2020-03-20,0.042,39,51
2020-03-21,0.049,45,52.5
2020-03-22,0.042,39,54.5
2020-03-23,0.046,43,52
2020-03-24,0.045,42,52
2020-03-25,0.047,44,53
2020-03-26,0.045,42,49
2020-03-27,0.048,44,47
2020-03-28,0.054,50,49
2020-03-29,0.05,46,52.5
2020-03-30,0.047,44,56
2020-03-31,0.044,41,60.5
2020-04-01,0.051,47,61
2020-04-02,0.048,44,58.5
2020-04-03,0.052,48,53
2020-04-04,0.046,43,56
2020-04-05,0.042,39,56
2020-04-06,0.034,31,52.5
2020-04-07,0.037,34,53
2020-04-10,0.047,44,49
2020-04-11,0.046,43,51.5
2020-04-12,0.04,37,51
2020-04-13,0.037,34,52
2020-04-14,0.049,45,62
2020-04-16,0.06,67,61
2020-04-18,0.038,35,56
2020-04-19,0.04,37,57
2020-04-22,0.059,64,65.5
2020-04-23,0.067,90,71
2020-04-24,0.071,101,75.5
2020-04-25,0.072,105,75.5
2020-04-26,0.062,74,75.5
2020-04-27,0.057,58,70
2020-04-28,0.063,77,69
2020-04-29,0.056,54,68
2020-04-30,0.065,84,68
2020-05-01,0.063,77,66
2020-05-02,0.062,74,65
2020-05-03,0.047,44,63
2020-05-04,0.058,61,66.5
2020-05-05,0.069,97,74
2020-05-06,0.086,151,76.5
2020-05-07,0.08,133,74.5
2020-05-08,0.071,101,71
2020-05-09,0.059,64,67.5
2020-05-10,0.047,44,67.5
2020-05-11,0.053,49,66
2020-05-12,0.038,35,60.5
2020-05-13,0.048,44,62.5
2020-05-14,0.048,44,61
2020-05-15,0.049,45,64
2020-05-16,0.059,64,67.5
2020-05-17,0.056,54,66.5
2020-05-18,0.033,31,65
2020-05-19,0.041,38,60
2020-05-20,0.047,44,60
2020-05-21,0.06,67,66.5
2020-05-22,0.052,48,64.5
2020-05-23,0.053,49,63
2020-05-24,0.05,46,65
2020-05-25,0.054,50,69.5
2020-05-26,0.065,84,73
2020-05-27,0.068,93,75.5
2020-05-28,0.057,58,69
2020-05-29,0.044,41,67.5
2020-05-30,0.037,34,68
2020-05-31,0.037,34,68
2020-06-01,0.056,54,70.5
2020-06-02,0.06,67,71.5
2020-06-03,0.069,97,79
2020-06-04,0.059,64,70
2020-06-05,0.036,33,63
2020-06-06,0.03,28,59.5
2020-06-07,0.041,38,64.5
2020-06-08,0.051,47,67
2020-06-09,0.056,54,79
2020-06-10,0.07,100,77.5
2020-06-11,0.081,136,75.5
2020-06-12,0.061,71,69.5
2020-06-13,0.049,45,65
2020-06-14,0.048,44,65
2020-06-15,0.05,46,67
2020-06-16,0.051,47,68.5
2020-06-17,0.046,43,67
2020-06-18,0.052,48,65.5
2020-06-19,0.051,47,68
2020-06-20,0.044,41,69
2020-06-21,0.05,46,71
2020-06-22,0.068,93,72
2020-06-23,0.062,74,72.5
2020-06-24,0.059,64,73
2020-06-25,0.063,77,71.5
2020-06-26,0.062,74,72
2020-06-27,0.053,49,70.5
2020-06-28,0.039,36,68
2020-06-29,0.039,36,65
2020-06-30,0.047,44,68
2020-07-01,0.056,54,69.5
2020-07-02,0.062,74,71.5
2020-07-03,0.053,49,73.5
2020-07-04,0.047,44,76
2020-07-05,0.054,50,80.5
2020-07-06,0.061,71,79
2020-07-07,0.062,74,76.5
2020-07-08,0.059,64,71.5
2020-07-09,0.067,90,71.5
2020-07-10,0.072,105,78.5
2020-07-11,0.06,67,83.5
2020-07-12,0.063,77,83.5
2020-07-13,0.06,67,79
2020-07-14,0.051,47,72
2020-07-15,0.059,64,71.5
2020-07-16,0.052,48,72
2020-07-17,0.056,54,71.5
2020-07-18,0.052,48,74.5
2020-07-19,0.049,45,76
2020-07-20,0.055,51,73
2020-07-21,0.062,74,73.5
2020-07-22,0.059,64,70.5
2020-07-23,0.053,49,69.5
2020-07-24,0.054,50,69
2020-07-25,0.053,49,72
2020-07-26,0.053,49,75.5
2020-07-27,0.051,47,73.5
2020-07-28,0.058,61,72
2020-07-29,0.062,74,74
2020-07-30,0.073,108,80
2020-07-31,0.066,87,86
2020-08-01,0.066,87,83
2020-08-02,0.052,48,80
2020-08-03,0.067,90,78.5
2020-08-04,0.058,61,75
2020-08-05,0.053,49,71
2020-08-06,0.045,42,71
2020-08-07,0.056,54,68.5
2020-08-08,0.056,54,73.5
2020-08-09,0.047,44,74
2020-08-10,0.056,54,74.5
2020-08-11,0.062,74,75.5
2020-08-12,0.07,100,79.5
2020-08-13,0.069,97,84
2020-08-14,0.07,100,85.5
2020-08-15,0.079,129,88.5
2020-08-16,0.055,51,83.5
2020-08-17,0.07,100,83
2020-08-18,0.07,100,89
2020-08-19,0.078,126,87
2020-08-20,0.082,140,85
2020-08-21,0.065,84,83.5
2020-08-22,0.039,36,83.5
2020-08-23,0.042,39,80.5
2020-08-24,0.049,45,81
2020-08-25,0.055,51,80.5
2020-08-26,0.06,67,82
2020-08-27,0.059,64,83
2020-08-28,0.059,64,81
2020-08-29,0.059,64,74
2020-08-30,0.049,45,72.5
2020-08-31,0.054,50,71
2020-09-01,0.054,50,72.5
2020-09-02,0.059,64,73
2020-09-03,0.075,115,76.5
2020-09-04,0.089,159,82
2020-09-05,0.058,61,94.5
2020-09-06,0.064,80,95
2020-09-07,0.065,84,82.5
2020-09-08,0.026,24,69.5
2020-09-09,0.044,41,73
2020-09-10,0.044,41,76.5
2020-09-11,0.055,51,77
2020-09-12,0.073,108,76.5
2020-09-13,0.064,80,74.5
2020-09-14,0.076,119,76
2020-09-15,0.07,100,79.5
2020-09-16,0.063,77,80.5
2020-09-17,0.064,80,83
2020-09-18,0.057,58,84
2020-09-19,0.045,42,81
2020-09-20,0.057,58,75
2020-09-21,0.059,64,75
2020-09-22,0.052,48,75
2020-09-23,0.043,40,76
2020-09-24,0.067,90,77
2020-09-25,0.065,84,72
2020-09-26,0.069,97,70
2020-09-27,0.064,80,68
2020-09-28,0.069,97,77
2020-09-29,0.064,80,82.5
2020-09-30,0.067,90,87
2020-10-01,0.077,122,85.5
2020-10-02,0.077,122,83.5
2020-10-03,0.085,150,81.5
2020-10-04,0.073,108,81
2020-10-05,0.072,105,81
2020-10-06,0.071,101,78.5
2020-10-07,0.069,97,74
2020-10-09,0.057,58,65
2020-10-10,0.046,43,67.5
2020-10-11,0.04,37,67.5
2020-10-12,0.059,64,77
2020-10-13,0.063,77,79.5
2020-10-14,0.076,119,80
2020-10-15,0.076,119,82
2020-10-16,0.06,67,80
2020-10-17,0.074,112,78
2020-10-18,0.068,93,74.5
2020-10-19,0.063,77,69.5
2020-10-20,0.055,51,67
2020-10-21,0.052,48,63.5
2020-10-22,0.054,50,63
2020-10-23,0.051,47,63
2020-10-24,0.045,42,63.5
2020-10-25,0.034,31,59
2020-10-26,0.048,44,57.5
2020-10-27,0.054,50,57.5
2020-10-28,0.068,93,61.5
2020-10-29,0.056,54,65.5
2020-10-31,0.06,67,69.5
2020-11-01,0.057,58,68.5
2020-11-02,0.066,87,68
2020-11-04,0.059,64,70
2020-11-05,0.047,44,74.5
2020-11-06,0.045,42,63.5
2020-11-07,0.04,37,51
2020-11-08,0.036,33,48
2020-11-09,0.04,37,48
2020-11-10,0.043,40,50.5
2020-11-11,0.047,44,52
2020-11-12,0.05,46,55
2020-11-13,0.051,47,54.5
2020-11-14,0.045,42,55
2020-11-15,0.046,43,62
2020-11-16,0.045,42,71
2020-11-19,0.038,35,60
2020-11-22,0.057,58,63
2020-11-23,0.043,40,52.5
2020-11-24,0.042,39,53
2020-11-25,0.045,42,52.5
2020-11-26,0.048,44,51.5
2020-11-27,0.039,36,51
2020-11-28,0.044,41,52.5
2020-11-29,0.047,44,56.5
2020-11-30,0.04,37,59.5
2020-12-01,0.043,40,61
2020-12-02,0.046,43,60.5
2020-12-05,0.045,42,54
2020-12-06,0.048,44,57
2020-12-07,0.043,40,57.5
2020-12-10,0.045,42,50.5
2020-12-11,0.043,40,48.5
2020-12-12,0.042,39,48
2020-12-13,0.044,41,52
2020-12-14,0.04,37,48
2020-12-15,0.043,40,51
2020-12-16,0.042,39,52
2020-12-17,0.04,37,48.5
2020-12-18,0.043,40,51.5
2020-12-19,0.048,44,53
2020-12-20,0.049,45,58.5
2020-12-21,0.046,43,60.5
2020-12-22,0.048,44,58.5
2020-12-23,0.047,44,55.5
2020-12-24,0.039,36,51
2020-12-25,0.045,42,57
2020-12-26,0.048,44,55.5
2020-12-27,0.039,36,50
2020-12-28,0.041,38,46.5
2020-12-29,0.04,37,46.5
2020-12-30,0.04,37,48.5
2021-01-01,0.042,39,49.5
2021-01-02,0.045,42,49.5
2021-01-03,0.045,42,49.5
2021-01-04,0.043,40,52.5
2021-01-05,0.043,40,52
2021-01-06,0.042,39,53.5
2021-01-07,0.042,39,59
2021-01-08,0.048,44,55.5
2021-01-09,0.05,46,55
2021-01-10,0.045,42,54.5
2021-01-11,0.045,42,55.5
2021-01-12,0.049,45,54
2021-01-13,0.046,43,55.5
2021-01-14,0.043,40,63.5
2021-01-15,0.047,44,67.5
2021-01-16,0.055,51,67.5
2021-01-17,0.048,44,67
2021-01-18,0.047,44,63.5
2021-01-19,0.043,40,52.5
2021-01-20,0.039,36,53.5
2021-01-21,0.039,36,56.5
2021-01-22,0.039,36,49.5
2021-01-23,0.037,34,45.5
2021-01-24,0.039,36,44
2021-01-26,0.043,40,42
2021-01-27,0.044,41,45
2021-01-28,0.043,40,47.5
2021-01-29,0.04,37,47
2021-01-30,0.044,41,47
2021-01-31,0.043,40,50.5
2021-02-01,0.031,29,52.5
2021-02-02,0.036,33,62
2021-02-03,0.041,38,57
2021-02-04,0.046,43,51
2021-02-05,0.052,48,53.5
2021-02-06,0.057,58,57.5
2021-02-07,0.063,77,56.5
2021-02-08,0.05,46,53.5
2021-02-09,0.043,40,48.5
2021-02-10,0.046,43,49.5
2021-02-11,0.05,46,54
2021-02-12,0.039,36,47
2021-02-13,0.041,38,48
2021-02-14,0.045,42,51
2021-02-15,0.043,40,48.5
2021-02-16,0.043,40,49
2021-02-17,0.05,46,49.5
2021-02-18,0.046,43,52
2021-02-19,0.052,48,54.5
2021-02-20,0.048,44,51
2021-02-21,0.048,44,55
2021-02-22,0.047,44,62.5
2021-02-23,0.058,61,61
2021-02-24,0.061,71,59
2021-02-25,0.053,49,56.5
2021-02-26,0.06,67,56.5
2021-02-27,0.062,74,52.5
2021-02-28,0.049,45,55.5
2021-03-01,0.05,46,55
2021-03-02,0.054,50,56
2021-03-03,0.046,43,48
2021-03-04,0.051,47,52
2021-03-05,0.054,50,59.5
2021-03-06,0.051,47,54.5
2021-03-07,0.047,44,51.5
2021-03-08,0.052,48,54.5
2021-03-09,0.047,44,50.5
2021-03-10,0.046,43,46.5
2021-03-11,0.048,44,46.5
2021-03-12,0.047,44,43.5
2021-03-13,0.044,41,46
2021-03-14,0.05,46,51
2021-03-15,0.044,41,45.5
2021-03-16,0.048,44,46.5
2021-03-17,0.052,48,49.5
2021-03-18,0.057,58,52
2021-03-19,0.057,58,57.5
2021-03-20,0.045,42,57
2021-03-21,0.052,48,49.5
2021-03-22,0.054,50,52.5
2021-03-23,0.047,44,51
2021-03-24,0.053,49,52
2021-03-25,0.047,44,46.5
2021-03-26,0.047,44,51
2021-03-27,0.051,47,57.5
2021-03-28,0.059,64,65
2021-03-29,0.061,71,65.5
2021-03-30,0.061,71,59
2021-03-31,0.063,77,67.5
2021-04-01,0.067,90,70.5
2021-04-02,0.068,93,61
2021-04-03,0.061,71,63
2021-04-04,0.051,47,65
2021-04-05,0.047,44,62
2021-04-06,0.054,50,59
2021-04-07,0.06,67,66
2021-04-08,0.058,61,63.5
2021-04-09,0.065,84,61
2021-04-10,0.064,80,63.5
2021-04-11,0.064,80,60
2021-04-12,0.058,61,61
2021-04-14,0.058,61,55.5
2021-04-15,0.057,58,53.5
2021-04-16,0.061,71,58
2021-04-17,0.061,71,58.5
2021-04-18,0.062,74,65
2021-04-19,0.066,87,68.5
2021-04-20,0.051,47,62
2021-04-21,0.048,44,54
2021-04-23,0.044,41,55
2021-04-24,0.054,50,56
2021-04-25,0.046,43,58.5
2021-04-26,0.043,40,50.5
2021-04-27,0.047,44,52
2021-04-28,0.059,64,60
2021-04-29,0.065,84,69.5
2021-04-30,0.075,115,76.5
2021-05-01,0.06,67,68.5
2021-05-02,0.038,35,55.5
2021-05-03,0.054,50,65
2021-05-04,0.068,93,66.5
2021-05-05,0.067,90,71
2021-05-06,0.061,71,64
2021-05-07,0.059,64,63
2021-05-08,0.061,71,61.5
2021-05-09,0.055,51,63
2021-05-10,0.059,64,61
2021-05-11,0.055,51,62.5
2021-05-12,0.064,80,64.5
2021-05-13,0.065,84,65.5
2021-05-14,0.06,67,63
2021-05-15,0.051,47,63
2021-05-16,0.046,43,53.5
2021-05-17,0.043,40,56.5
2021-05-18,0.051,47,63
2021-05-19,0.06,67,63
2021-05-20,0.048,44,59.5
2021-05-21,0.051,47,56.5
2021-05-22,0.049,45,56.5
2021-05-23,0.053,49,59.5
2021-05-24,0.066,87,69
2021-05-25,0.069,97,70
2021-05-26,0.05,46,66
2021-05-27,0.061,71,63
2021-05-28,0.064,80,63.5
2021-05-29,0.048,44,61.5
2021-05-30,0.051,47,64.5
2021-05-31,0.055,51,66
2021-06-01,0.063,77,67.5
2021-06-02,0.064,80,72
2021-06-03,0.067,90,67.5
2021-06-04,0.06,67,70
2021-06-05,0.054,50,67.5
2021-06-06,0.048,44,64
2021-06-07,0.043,40,60
2021-06-08,0.056,54,64.5
2021-06-09,0.052,48,66.5
2021-06-10,0.056,54,62
2021-06-11,0.069,97,67.5
2021-06-12,0.078,126,71.5
2021-06-13,0.068,93,73
2021-06-14,0.065,84,76.5
2021-06-15,0.068,93,82.5
2021-06-16,0.067,90,79
2021-06-17,0.069,97,80
2021-06-18,0.063,77,74
2021-06-19,0.067,90,75.5
2021-06-20,0.06,67,74
2021-06-21,0.061,71,72.5
2021-06-22,0.047,44,72.5
2021-06-23,0.048,44,71
2021-06-24,0.048,44,71.5
2021-06-25,0.051,47,69
2021-06-26,0.058,61,72.5
2021-06-27,0.068,93,75
2021-06-28,0.063,77,76.5
2021-06-29,0.051,47,71.5
2021-06-30,0.061,71,74
2021-07-01,0.06,67,76
2021-07-02,0.066,87,74
2021-07-03,0.064,80,77.5
2021-07-04,0.057,58,74
2021-07-05,0.056,54,74.5
2021-07-06,0.062,74,73
2021-07-07,0.068,93,73
2021-07-08,0.075,115,77.5
2021-07-09,0.066,87,79
2021-07-10,0.062,74,80
2021-07-11,0.054,50,76
2021-07-12,0.059,64,74
2021-07-13,0.064,80,76.5
2021-07-14,0.062,74,79
2021-07-15,0.061,71,76.5
2021-07-16,0.06,67,75.5
2021-07-17,0.059,64,75.5
2021-07-18,0.061,71,79.5
2021-07-19,0.066,87,80
2021-07-20,0.057,58,78.5
2021-07-21,0.059,64,81
2021-07-22,0.054,50,78
2021-07-23,0.06,67,75.5
2021-07-24,0.053,49,73
2021-07-25,0.049,45,72.5
2021-07-26,0.042,39,71
2021-07-27,0.056,54,77
2021-07-28,0.056,54,78.5
2021-07-29,0.057,58,79
2021-07-30,0.062,74,79
2021-07-31,0.065,84,80
2021-08-01,0.05,46,81
2021-08-02,0.056,54,83
2021-08-03,0.075,115,81.5
2021-08-04,0.072,105,81
2021-08-05,0.074,112,80.5
2021-08-06,0.063,77,76
2021-08-07,0.062,74,72
2021-08-08,0.06,67,75
2021-08-09,0.063,77,77
2021-08-10,0.071,101,79.5
2021-08-11,0.063,77,82.5
2021-08-12,0.068,93,81
2021-08-13,0.051,47,77.5
2021-08-14,0.048,44,77
2021-08-15,0.06,67,78
2021-08-16,0.067,90,79
2021-08-17,0.053,49,74.5
2021-08-18,0.039,36,71
2021-08-19,0.049,45,72.5
2021-08-20,0.049,45,71
2021-08-21,0.052,48,69.5
2021-08-22,0.055,51,69
2021-08-23,0.063,77,71.5
2021-08-24,0.078,126,76
2021-08-25,0.077,122,80
2021-08-26,0.077,122,76
2021-08-27,0.072,105,83.5
2021-08-28,0.072,105,82
2021-08-29,0.058,61,81
2021-08-30,0.064,80,74.5
2021-08-31,0.058,61,69.5
2021-09-01,0.057,58,70
2021-09-02,0.057,58,72.5
2021-09-03,0.066,87,72
2021-09-04,0.06,67,77.5
2021-09-05,0.08,133,81
2021-09-06,0.068,93,75.5
2021-09-07,0.066,87,76
2021-09-08,0.078,126,77
2021-09-09,0.074,112,81.5
2021-09-10,0.064,80,82
2021-09-11,0.056,54,83
2021-09-12,0.05,46,82.5
2021-09-13,0.065,84,81.5
2021-09-14,0.069,97,73.5
2021-09-15,0.069,97,69.5
2021-09-16,0.066,87,68.5
2021-09-17,0.065,84,69
2021-09-18,0.054,50,69.5
2021-09-19,0.057,58,65
2021-09-20,0.066,87,70
2021-09-21,0.064,80,80
2021-09-22,0.053,49,82.5
2021-09-23,0.051,47,79
2021-09-24,0.041,38,71.5
2021-09-25,0.052,48,69.5
2021-09-26,0.036,33,64
2021-09-27,0.035,32,62.5
2021-09-28,0.05,46,64
2021-09-29,0.053,49,64
2021-09-30,0.062,74,68.5
2021-10-01,0.063,77,74
2021-10-02,0.063,77,76.5
2021-10-03,0.067,90,77.5
2021-10-04,0.067,90,75.5
2021-10-05,0.049,45,65.5
2021-10-06,0.044,41,64.5
2021-10-07,0.043,40,63.5
2021-10-08,0.036,33,60
2021-10-09,0.048,44,60.5
2021-10-10,0.058,61,63
2021-10-11,0.048,44,57.5
2021-10-12,0.049,45,55
2021-10-13,0.055,51,58
2021-10-14,0.068,93,61
2021-10-15,0.051,47,69.5
2021-10-16,0.058,61,68
2021-10-17,0.064,80,64.5
2021-10-18,0.042,39,54
2021-10-19,0.048,44,54
2021-10-20,0.059,64,57
2021-10-21,0.068,93,62.5
2021-10-22,0.06,67,60
2021-10-23,0.043,40,56.5
2021-10-24,0.052,48,59.5
2021-10-26,0.045,42,57
2021-10-27,0.053,49,63
2021-10-28,0.052,48,69
2021-10-29,0.063,77,70.5
2021-10-30,0.06,67,65.5
2021-10-31,0.047,44,60
2021-11-01,0.039,36,61
2021-11-02,0.042,39,58.5
2021-11-03,0.048,44,64
2021-11-04,0.056,54,66
2021-11-05,0.064,80,68.5
2021-11-06,0.057,58,63
2021-11-07,0.054,50,57.5
2021-11-08,0.055,51,56
2021-11-09,0.053,49,57
2021-11-10,0.047,44,59
2021-11-11,0.045,42,70.5
2021-11-12,0.047,44,71.5
2021-11-13,0.051,47,71
2021-11-14,0.05,46,70.5
2021-11-15,0.063,77,69.5
2021-11-16,0.053,49,60.5
2021-11-17,0.046,43,56
2021-11-18,0.049,45,57.5
2021-11-19,0.039,36,56.5
2021-11-20,0.049,45,54.5
2021-11-21,0.05,46,67.5
2021-11-22,0.047,44,67
2021-11-23,0.042,39,57.5
2021-11-24,0.049,45,55.5
2021-11-25,0.05,46,56.5
2021-11-26,0.05,46,61
2021-11-27,0.053,49,61
2021-11-28,0.054,50,62.5
2021-11-30,0.051,47,63.5
2021-12-01,0.052,48,66.5
2021-12-02,0.05,46,60
2021-12-04,0.049,45,53.5
2021-12-05,0.049,45,53.5
2021-12-06,0.053,49,60.5
2021-12-07,0.035,32,49.5
2021-12-08,0.043,40,54
2021-12-09,0.042,39,49
2021-12-10,0.041,38,47.5
2021-12-11,0.045,42,49
2021-12-12,0.047,44,49
2021-12-13,0.043,40,46
2021-12-14,0.044,41,46.5
2021-12-16,0.039,36,43.5
2021-12-18,0.046,43,49
2021-12-19,0.048,44,49.5
2021-12-20,0.046,43,50
2021-12-21,0.044,41,57
2021-12-22,0.041,38,56.5
2021-12-23,0.04,37,56.5
2021-12-24,0.044,41,50.5
2021-12-25,0.044,41,48.5
2021-12-26,0.044,41,44.5
2021-12-27,0.044,41,41
2021-12-28,0.043,40,44
2021-12-29,0.041,38,46
2021-12-30,0.041,38,53.5
